070929104019,4514 Keating Ter,Madison,WI,53711,1412
070929104027,4510 Keating Ter,Madison,WI,53711,1412
070929104035,4506 Keating Ter,Madison,WI,53711,1412
070929104043,4502 Keating Ter,Madison,WI,53711,1412
070929104051,4414 Keating Ter,Madison,WI,53711,1410
070929104069,4410 Keating Ter,Madison,WI,53711,1410
070929104077,4406 Keating Ter,Madison,WI,53711,1410
070929104085,4402 Keating Ter,Madison,WI,53711,1410
070929104093,4401 Woods End,Madison,WI,53711,1417
070929104100,4405 Woods End,Madison,WI,53711,1417
070929104118,4409 Woods End,Madison,WI,53711,1417
070929104126,4413 Woods End,Madison,WI,53711,1417
070929104134,4501 Woods End,Madison,WI,53711,1420
070929104142,4505 Woods End,Madison,WI,53711,1420
070929104150,4509 Woods End,Madison,WI,53711,1420
070929104168,4514 Woods End,Madison,WI,53711,1420
070929104176,4510 Woods End,Madison,WI,53711,1420
070929104184,4506 Woods End,Madison,WI,53711,1420
070929104192,4502 Woods End,Madison,WI,53711,1420
070929104209,4414 Woods End,Madison,WI,53711,1418
070929104217,4410 Woods End,Madison,WI,53711,1418
070929104225,4406 Woods End,Madison,WI,53711,1418
070929104233,4402 Woods End,Madison,WI,53711,1418
070929104241,402 S Midvale Blvd,Madison,WI,53711,1414
070929104259,4405 Mineral Point Rd,Madison,WI,53705,5044
070929104267,4409 Mineral Point Rd,Madison,WI,53705,5044
070929104275,4413 Mineral Point Rd,Madison,WI,53705,5044
070929104283,4501 Mineral Point Rd,Madison,WI,53705,5071
070929104291,4505 Mineral Point Rd,Madison,WI,53705,5071
070929104308,4509 Mineral Point Rd,Madison,WI,53705,5071
070929104316,4513 Mineral Point Rd,Madison,WI,53705,5071
070929105017,4509 Keating Ter,Madison,WI,53711,1411
070929105025,441 Woodside Ter,Madison,WI,53711,1426
070929105033,445 Woodside Ter,Madison,WI,53711,1426
070929105041,449 Woodside Ter,Madison,WI,53711,1426
070929105059,453 Woodside Ter,Madison,WI,53711,1426
070929105067,457 Woodside Ter,Madison,WI,53711,1426
070929105075,461 Woodside Ter,Madison,WI,53711,1426
070929105083,465 Woodside Ter,Madison,WI,53711,1426
070929105091,469 Woodside Ter,Madison,WI,53711,1426
070929105108,473 Woodside Ter,Madison,WI,53711,1426
070929105116,477 Woodside Ter,Madison,WI,53711,1426
070929105124,481 Woodside Ter,Madison,WI,53711,1426
070929105132,485 Woodside Ter,Madison,WI,53711,1426
070929105140,489 Woodside Ter,Madison,WI,53711,1426
070929105158,490 Togstad Glenn,Madison,WI,53711,1416
070929105166,486 Togstad Glenn,Madison,WI,53711,1416
070929105174,482 Togstad Glenn,Madison,WI,53711,1416
070929105182,478 Togstad Glenn,Madison,WI,53711,1416
070929105190,474 Togstad Glenn,Madison,WI,53711,1416
070929105207,470 Togstad Glenn,Madison,WI,53711,1416
070929105215,466 Togstad Glenn,Madison,WI,53711,1416
070929105223,462 Togstad Glenn,Madison,WI,53711,1416
070929105231,458 Togstad Glenn,Madison,WI,53711,1416
070929105249,454 Togstad Glenn,Madison,WI,53711,1416
070929105257,450 Togstad Glenn,Madison,WI,53711,1416
070929105265,446 Togstad Glenn,Madison,WI,53711,1416
070929105273,442 Togstad Glenn,Madison,WI,53711,1416
070929105281,4501 Keating Ter,Madison,WI,53711,1411
070929106015,4409 Keating Ter,Madison,WI,53711,1409
070929106023,441 Togstad Glenn,Madison,WI,53711,1415
070929106031,445 Togstad Glenn,Madison,WI,53711,1415
070929106049,449 Togstad Glenn,Madison,WI,53711,1415
070929106057,453 Togstad Glenn,Madison,WI,53711,1415
070929106065,457 Togstad Glenn,Madison,WI,53711,1415
070929106073,461 Togstad Glenn,Madison,WI,53711,1415
070929106081,465 Togstad Glenn,Madison,WI,53711,1415
070929106099,469 Togstad Glenn,Madison,WI,53711,1415
070929106106,473 Togstad Glenn,Madison,WI,53711,1415
070929106114,477 Togstad Glenn,Madison,WI,53711,1415
070929106122,481 Togstad Glenn,Madison,WI,53711,1415
070929106130,485 Togstad Glenn,Madison,WI,53711,1415
070929106148,489 Togstad Glenn,Madison,WI,53711,1415
070929106156,490 S Midvale Blvd,Madison,WI,53711,1448
070929106164,486 S Midvale Blvd,Madison,WI,53711,1448
070929106172,482 S Midvale Blvd,Madison,WI,53711,1448
070929106180,478 S Midvale Blvd,Madison,WI,53711,1448
070929106198,474 S Midvale Blvd,Madison,WI,53711,1448
070929106205,470 S Midvale Blvd,Madison,WI,53711,1448
070929106213,466 S Midvale Blvd,Madison,WI,53711,1448
070929106221,462 S Midvale Blvd,Madison,WI,53711,1448
070929106239,458 S Midvale Blvd,Madison,WI,53711,1448
070929106247,454 S Midvale Blvd,Madison,WI,53711,1448
070929106255,450 S Midvale Blvd,Madison,WI,53711,1448
070929106263,446 S Midvale Blvd,Madison,WI,53711,1448
070929106271,442 S Midvale Blvd,Madison,WI,53711,1448
070929106289,4401 Keating Ter,Madison,WI,53711,1409
070929113010,4509 Ames St,Madison,WI,53711,1421
070929113028,505 Woodside Ter,Madison,WI,53711,1428
070929113036,509 Woodside Ter,Madison,WI,53711,1428
070929113044,513 Woodside Ter,Madison,WI,53711,1428
070929113052,517 Woodside Ter,Madison,WI,53711,1428
070929113060,521 Woodside Ter,Madison,WI,53711,1428
070929113078,525 Woodside Ter,Madison,WI,53711,1428
070929113086,529 Woodside Ter,Madison,WI,53711,1428
070929113094,533 Woodside Ter,Madison,WI,53711,1428
070929113101,537 Woodside Ter,Madison,WI,53711,1428
070929113119,541 Woodside Ter,Madison,WI,53711,1428
070929113127,4510 Tokay Blvd,Madison,WI,53711,1439
070929113135,4502 Tokay Blvd,Madison,WI,53711,1439
070929113143,542 Togstad Glenn,Madison,WI,53711,1425
070929113151,538 Togstad Glenn,Madison,WI,53711,1425
070929113169,534 Togstad Glenn,Madison,WI,53711,1425
070929113177,530 Togstad Glenn,Madison,WI,53711,1425
070929113185,526 Togstad Glenn,Madison,WI,53711,1425
070929113193,522 Togstad Glenn,Madison,WI,53711,1425
070929113200,518 Togstad Glenn,Madison,WI,53711,1425
070929113218,514 Togstad Glenn,Madison,WI,53711,1425
070929113226,510 Togstad Glenn,Madison,WI,53711,1425
070929113234,506 Togstad Glenn,Madison,WI,53711,1425
070929113242,502 Togstad Glenn,Madison,WI,53711,1425
070929114018,501 Togstad Glenn,Madison,WI,53711,1424
070929114026,505 Togstad Glenn,Madison,WI,53711,1424
070929114034,509 Togstad Glenn,Madison,WI,53711,1424
070929114042,513 Togstad Glenn,Madison,WI,53711,1424
070929114050,517 Togstad Glenn,Madison,WI,53711,1424
070929114068,521 Togstad Glenn,Madison,WI,53711,1424
070929114076,525 Togstad Glenn,Madison,WI,53711,1424
070929114084,529 Togstad Glenn,Madison,WI,53711,1424
070929114092,533 Togstad Glenn,Madison,WI,53711,1424
070929114109,537 Togstad Glenn,Madison,WI,53711,1424
070929114117,541 Togstad Glenn,Madison,WI,53711,1424
070929114125,4410 Tokay Blvd,Madison,WI,53711,1437
070929114133,4402 Tokay Blvd,Madison,WI,53711,1437
070929114141,542 S Midvale Blvd,Madison,WI,53711,1423
070929114159,538 S Midvale Blvd,Madison,WI,53711,1423
070929114167,534 S Midvale Blvd,Madison,WI,53711,1423
070929114175,530 S Midvale Blvd,Madison,WI,53711,1423
070929114183,526 S Midvale Blvd,Madison,WI,53711,1423
070929114191,522 S Midvale Blvd,Madison,WI,53711,1423
070929114208,518 S Midvale Blvd,Madison,WI,53711,1423
070929114216,514 S Midvale Blvd,Madison,WI,53711,1423
070929114224,510 S Midvale Blvd,Madison,WI,53711,1423
070929114232,506 S Midvale Blvd,Madison,WI,53711,1423
070929114240,502 S Midvale Blvd,Madison,WI,53711,1423
070929201013,401 Orchard Dr,Madison,WI,53711,1314
070929201021,405 Orchard Dr,Madison,WI,53711,1314
070929201039,409 Orchard Dr,Madison,WI,53711,1314
070929201047,411 Orchard Dr,Madison,WI,53711,1314
070929201055,413 Orchard Dr,Madison,WI,53711,1314
070929201063,417 Orchard Dr,Madison,WI,53711,1314
070929201071,4634 Keating Ter,Madison,WI,53711,1302
070929201089,4630 Keating Ter,Madison,WI,53711,1302
070929201097,4626 Keating Ter,Madison,WI,53711,1302
070929201104,4622 Keating Ter,Madison,WI,53711,1302
070929201112,4614 Keating Ter,Madison,WI,53711,1302
070929201120,4610 Keating Ter,Madison,WI,53711,1302
070929201138,4602 Keating Ter,Madison,WI,53711,1302
070929201146,4601 Mineral Point Rd,Madison,WI,53705,4921
070929201154,1 Parklawn Pl,Madison,WI,53705,4928
070929201162,5 Parklawn Pl,Madison,WI,53705,4928
070929201170,9 Parklawn Pl,Madison,WI,53705,4928
070929201188,13 Parklawn Pl,Madison,WI,53705,4928
070929201196,17 Parklawn Pl,Madison,WI,53705,4928
070929201203,18 Parklawn Pl,Madison,WI,53705,4928
070929201211,14 Parklawn Pl,Madison,WI,53705,4928
070929201229,10 Parklawn Pl,Madison,WI,53705,4928
070929201237,6 Parklawn Pl,Madison,WI,53705,4928
070929201245,2 Parklawn Pl,Madison,WI,53705,4928
070929201253,4629 Mineral Point Rd,Madison,WI,53705,4951
070929202011,4701 Mineral Point Rd,Madison,WI,53705,4923
070929202029,4705 Mineral Point Rd,Madison,WI,53705,4923
070929202037,4709 Mineral Point Rd,Madison,WI,53705,4923
070929202045,417 S Segoe Rd,Madison,WI,53711,1218
070929202053,421 S Segoe Rd,Madison,WI,53711,1218
070929202061,425 S Segoe Rd,Madison,WI,53711,1218
070929202079,429 S Segoe Rd,Madison,WI,53711,1218
070929202087,4718 Keating Ter,Madison,WI,53711,1313
070929202095,4714 Keating Ter,Madison,WI,53711,1313
070929202102,4710 Keating Ter,Madison,WI,53711,1313
070929202110,4706 Keating Ter,Madison,WI,53711,1313
070929202128,430 Orchard Dr,Madison,WI,53711,1315
070929202136,420 Orchard Dr,Madison,WI,53711,1315
070929202144,418 Orchard Dr,Madison,WI,53711,1315
070929202152,412 Orchard Dr,Madison,WI,53711,1315
070929202160,408 Orchard Dr,Madison,WI,53711,1315
070929202178,404 Orchard Dr,Madison,WI,53711,1315
070929203019,4725 Mineral Point Rd,Madison,WI,53705,4906
070929203027,413 Hilltop Dr,Madison,WI,53711,1211
070929203035,417 Hilltop Dr,Madison,WI,53711,1211
070929203043,421 Hilltop Dr,Madison,WI,53711,1211
070929203051,425 Hilltop Dr,Madison,WI,53711,1211
070929203069,429 Hilltop Dr,Madison,WI,53711,1211
070929203077,438 S Segoe Rd,Madison,WI,53711,1219
070929203085,434 S Segoe Rd,Madison,WI,53711,1219
070929203093,430 S Segoe Rd,Madison,WI,53711,1219
070929203100,426 S Segoe Rd,Madison,WI,53711,1219
070929203118,422 S Segoe Rd,Madison,WI,53711,1219
070929203126,418 S Segoe Rd,Madison,WI,53711,1219
070929203134,414 S Segoe Rd,Madison,WI,53711,1219
070929203142,402 S Segoe Rd,Madison,WI,53711,1219
070929204017,4801 Mineral Point Rd,Madison,WI,53705,4833
070929204025,4805 Mineral Point Rd,Madison,WI,53705,4833
070929204033,4813 Mineral Point Rd,Madison,WI,53705,4833
070929204041,417 Mineau Pkwy,Madison,WI,53711,1216
070929204059,421 Mineau Pkwy,Madison,WI,53711,1216
070929204067,425 Mineau Pkwy,Madison,WI,53711,1216
070929204075,429 Mineau Pkwy,Madison,WI,53711,1216
070929204083,433 Mineau Pkwy,Madison,WI,53711,1216
070929204091,437 Mineau Pkwy,Madison,WI,53711,1216
070929204108,441 Mineau Pkwy,Madison,WI,53711,1216
070929204116,445 Mineau Pkwy,Madison,WI,53711,1216
070929204124,4810 Tocora Ln,Madison,WI,53711,1223
070929204132,4806 Tocora Ln,Madison,WI,53711,1223
070929204140,450 S Segoe Rd,Madison,WI,53711,1252
070929204158,446 Hilltop Dr,Madison,WI,53711,1212
070929204166,444 Hilltop Dr,Madison,WI,53711,1212
070929204174,438 Hilltop Dr,Madison,WI,53711,1212
070929204182,434 Hilltop Dr,Madison,WI,53711,1212
070929204190,430 Hilltop Dr,Madison,WI,53711,1212
070929204207,426 Hilltop Dr,Madison,WI,53711,1212
070929204215,422 Hilltop Dr,Madison,WI,53711,1212
070929204223,418 Hilltop Dr,Madison,WI,53711,1212
070929205015,4821 Mineral Point Rd,Madison,WI,53705,4873
070929205023,401 Berwyn Dr,Madison,WI,53711,1238
070929205031,409 Berwyn Dr,Madison,WI,53711,1237
070929205049,417 Berwyn Dr,Madison,WI,53711,1203
070929205057,421 Berwyn Dr,Madison,WI,53711,1203
070929205065,425 Berwyn Dr,Madison,WI,53711,1203
070929205073,429 Berwyn Dr,Madison,WI,53711,1203
070929205081,433 Berwyn Dr,Madison,WI,53711,1203
070929205099,437 Berwyn Dr,Madison,WI,53711,1203
070929205106,441 Berwyn Dr,Madison,WI,53711,1203
070929205114,4830 Tocora Ln,Madison,WI,53711,1234
070929205122,446 Mineau Pkwy,Madison,WI,53711,1217
070929205130,442 Mineau Pkwy,Madison,WI,53711,1217
070929205148,438 Mineau Pkwy,Madison,WI,53711,1217
070929205156,434 Mineau Pkwy,Madison,WI,53711,1217
070929205164,430 Mineau Pkwy,Madison,WI,53711,1217
070929205172,426 Mineau Pkwy,Madison,WI,53711,1217
070929205180,422 Mineau Pkwy,Madison,WI,53711,1217
070929205198,418 Mineau Pkwy,Madison,WI,53711,1217
070929206013,4930 Ascot Ln,Madison,WI,53711,1229
070929206021,4933 Mineral Point Rd,Madison,WI,53705,4876
070929206039,401 Presidential Ln,Madison,WI,53711,1139
070929206047,405 Presidential Ln,Madison,WI,53711,1138
070929206055,409 Presidential Ln,Madison,WI,53711,1124
070929206063,413 Presidential Ln,Madison,WI,53711,1124
070929206071,417 Presidential Ln,Madison,WI,53711,1124
070929206089,421 Presidential Ln,Madison,WI,53711,1124
070929206097,425 Presidential Ln,Madison,WI,53711,1124
070929206104,429 Presidential Ln,Madison,WI,53711,1124
070929206112,433 Presidential Ln,Madison,WI,53711,1124
070929206120,437 Presidential Ln,Madison,WI,53711,1124
070929206138,441 Presidential Ln,Madison,WI,53711,1124
070929206146,4934 Tocora Ln,Madison,WI,53711,1159
070929206154,444 Hilton Dr,Madison,WI,53711,1118
070929206162,440 Hilton Dr,Madison,WI,53711,1118
070929206170,436 Hilton Dr,Madison,WI,53711,1118
070929206188,432 Hilton Dr,Madison,WI,53711,1118
070929206196,428 Hilton Dr,Madison,WI,53711,1118
070929206203,424 Hilton Dr,Madison,WI,53711,1118
070929206211,420 Hilton Dr,Madison,WI,53711,1118
070929206229,416 Hilton Dr,Madison,WI,53711,1118
070929206237,412 Hilton Dr,Madison,WI,53711,1118
070929206245,4926 Ascot Ln,Madison,WI,53711,1266
070929206253,4922 Ascot Ln,Madison,WI,53711,1265
070929206261,4918 Ascot Ln,Madison,WI,53711,1264
070929206279,4914 Ascot Ln,Madison,WI,53711,1263
070929206287,4910 Ascot Ln,Madison,WI,53711,1262
070929206295,410 Berwyn Dr,Madison,WI,53711,1240
070929206302,404 Berwyn Dr,Madison,WI,53711,1239
070929207011,426 Berwyn Dr,Madison,WI,53711,1242
070929207029,418 Berwyn Dr,Madison,WI,53711,1241
070929207037,4905 Ascot Ln,Madison,WI,53711,1247
070929207045,4909 Ascot Ln,Madison,WI,53711,1261
070929207053,4913 Ascot Ln,Madison,WI,53711,1200
070929207061,4917 Ascot Ln,Madison,WI,53711,1259
070929207079,4921 Ascot Ln,Madison,WI,53711,1258
070929207087,4922 Groton Ln,Madison,WI,53711,1231
070929207095,4918 Groton Ln,Madison,WI,53711,1231
070929207102,4914 Groton Ln,Madison,WI,53711,1231
070929207110,4910 Groton Ln,Madison,WI,53711,1231
070929207128,4906 Groton Ln,Madison,WI,53711,1231
070929208019,435 Hilton Dr,Madison,WI,53711,1150
070929208027,439 Hilton Dr,Madison,WI,53711,1150
070929208035,441 Hilton Dr,Madison,WI,53711,1150
070929208043,4914 Tocora Ln,Madison,WI,53711,1164
070929208051,4910 Tocora Ln,Madison,WI,53711,1164
070929208069,4906 Tocora Ln,Madison,WI,53711,1164
070929208077,4902 Tocora Ln,Madison,WI,53711,1164
070929208085,434 Berwyn Dr,Madison,WI,53711,1244
070929208093,4905 Groton Ln,Madison,WI,53711,1230
070929208100,4909 Groton Ln,Madison,WI,53711,1230
070929208118,4913 Groton Ln,Madison,WI,53711,1230
070929209017,4929 Tocora Ln,Madison,WI,53711,1158
070929209025,4933 Tocora Ln,Madison,WI,53711,1158
070929209033,455 Presidential Ln,Madison,WI,53711,1153
070929209041,459 Presidential Ln,Madison,WI,53711,1153
070929209059,463 Presidential Ln,Madison,WI,53711,1153
070929209067,467 Presidential Ln,Madison,WI,53711,1153
070929209075,471 Presidential Ln,Madison,WI,53711,1153
070929209083,475 Presidential Ln,Madison,WI,53711,1153
070929209091,479 Presidential Ln,Madison,WI,53711,1153
070929209108,483 Presidential Ln,Madison,WI,53711,1153
070929209116,487 Presidential Ln,Madison,WI,53711,1153
070929209124,491 Presidential Ln,Madison,WI,53711,1153
070929209132,501 Presidential Ln,Madison,WI,53711,1126
070929209140,505 Presidential Ln,Madison,WI,53711,1126
070929209158,509 Presidential Ln,Madison,WI,53711,1126
070929209166,513 Presidential Ln,Madison,WI,53711,1126
070929209174,517 Presidential Ln,Madison,WI,53711,1126
070929209182,521 Presidential Ln,Madison,WI,53711,1126
070929209190,5002 Manor Cross,Madison,WI,53711,1121
070929209207,540 S Segoe Rd,Madison,WI,53711,1255
070929209215,518 Hilton Dr,Madison,WI,53711,1119
070929209223,514 Hilton Dr,Madison,WI,53711,1119
070929209231,510 Hilton Dr,Madison,WI,53711,1119
070929209249,506 Hilton Dr,Madison,WI,53711,1119
070929209257,502 Hilton Dr,Madison,WI,53711,1119
070929209265,492 Hilton Dr,Madison,WI,53711,1149
070929209273,488 Hilton Dr,Madison,WI,53711,1149
070929209281,484 Hilton Dr,Madison,WI,53711,1149
070929209299,480 Hilton Dr,Madison,WI,53711,1149
070929209306,476 Hilton Dr,Madison,WI,53711,1149
070929209314,472 Hilton Dr,Madison,WI,53711,1149
070929209322,468 Hilton Dr,Madison,WI,53711,1149
070929209330,464 Hilton Dr,Madison,WI,53711,1149
070929209348,460 Hilton Dr,Madison,WI,53711,1149
070929209356,456 Hilton Dr,Madison,WI,53711,1149
070929210014,453 Hilton Dr,Madison,WI,53711,1151
070929210022,461 Hilton Dr,Madison,WI,53711,1151
070929210030,4918 Phillip Ln,Madison,WI,53711,1233
070929210048,4914 Phillip Ln,Madison,WI,53711,1233
070929210056,4910 Phillip Ln,Madison,WI,53711,1233
070929210064,4906 Phillip Ln,Madison,WI,53711,1233
070929210072,462 Berwyn Dr,Madison,WI,53711,1245
070929210080,454 Berwyn Dr,Madison,WI,53711,1245
070929210098,4905 Tocora Ln,Madison,WI,53711,1163
070929210105,4909 Tocora Ln,Madison,WI,53711,1163
070929210113,4913 Tocora Ln,Madison,WI,53711,1163
070929210121,4917 Tocora Ln,Madison,WI,53711,1163
070929211012,474 Berwyn Dr,Madison,WI,53711,1246
070929211020,4905 Phillip Ln,Madison,WI,53711,1232
070929211038,4909 Phillip Ln,Madison,WI,53711,1232
070929211046,4913 Phillip Ln,Madison,WI,53711,1232
070929211054,4917 Phillip Ln,Madison,WI,53711,1232
070929211062,469 Hilton Dr,Madison,WI,53711,1152
070929211070,477 Hilton Dr,Madison,WI,53711,1152
070929211088,481 Hilton Dr,Madison,WI,53711,1152
070929211096,4922 Laub Ln,Madison,WI,53711,1215
070929211103,4918 Laub Ln,Madison,WI,53711,1215
070929211111,4914 Laub Ln,Madison,WI,53711,1215
070929211129,4910 Laub Ln,Madison,WI,53711,1215
070929211137,4906 Laub Ln,Madison,WI,53711,1215
070929211145,4902 Laub Ln,Madison,WI,53711,1215
070929211153,502 S Segoe Rd,Madison,WI,,
070929212010,4801 Tocora Ln,Madison,WI,53711,1222
070929212028,4813 Tocora Ln,Madison,WI,53711,1222
070929212036,4817 Tocora Ln,Madison,WI,53711,1222
070929212044,4821 Tocora Ln,Madison,WI,53711,1222
070929212052,453 Berwyn Dr,Madison,WI,53711,1243
070929212060,457 Berwyn Dr,Madison,WI,53711,1243
070929212078,461 Berwyn Dr,Madison,WI,53711,1243
070929212086,465 Berwyn Dr,Madison,WI,53711,1243
070929212094,469 Berwyn Dr,Madison,WI,53711,1243
070929212101,473 Berwyn Dr,Madison,WI,53711,1243
070929212119,477 Berwyn Dr,Madison,WI,53711,1243
070929212127,481 Berwyn Dr,Madison,WI,53711,1243
070929212135,485 Berwyn Dr,Madison,WI,53711,1243
070929212143,482 S Segoe Rd,Madison,WI,53711,1254
070929212151,478 S Segoe Rd,Madison,WI,53711,1254
070929212169,474 S Segoe Rd,Madison,WI,53711,1254
070929212177,470 S Segoe Rd,Madison,WI,53711,1254
070929212185,466 S Segoe Rd,Madison,WI,53711,1254
070929213018,4804 Hillview Ter,Madison,WI,53711,1202
070929213026,478 Hilltop Dr,Madison,WI,53711,1250
070929213034,474 Hilltop Dr,Madison,WI,53711,1250
070929213042,470 Hilltop Dr,Madison,WI,53711,1250
070929213050,466 Hilltop Dr,Madison,WI,53711,1250
070929213068,465 S Segoe Rd,Madison,WI,53711,1253
070929213076,469 S Segoe Rd,Madison,WI,53711,1253
070929213084,473 S Segoe Rd,Madison,WI,53711,1253
070929213092,477 S Segoe Rd,Madison,WI,53711,1253
070929213109,4820 Hillview Ter,Madison,WI,53711,1202
070929213117,4816 Hillview Ter,Madison,WI,53711,1202
070929213125,4812 Hillview Ter,Madison,WI,53711,1202
070929213133,4808 Hillview Ter,Madison,WI,53711,1202
070929214016,441 S Segoe Rd,Madison,WI,53711,1251
070929214024,443 S Segoe Rd,Madison,WI,53711,1251
070929214032,453 Hilltop Dr,Madison,WI,53711,1249
070929214040,457 Hilltop Dr,Madison,WI,53711,1249
070929214058,461 Hilltop Dr,Madison,WI,53711,1249
070929214066,465 Hilltop Dr,Madison,WI,53711,1249
070929214074,469 Hilltop Dr,Madison,WI,53711,1249
070929214082,4730 Ames St,Madison,WI,53711,1363
070929214090,4726 Ames St,Madison,WI,53711,1363
070929214107,474 Agnes Dr,Madison,WI,53711,1304
070929214115,470 Agnes Dr,Madison,WI,53711,1304
070929214123,466 Agnes Dr,Madison,WI,53711,1304
070929214131,462 Agnes Dr,Madison,WI,53711,1304
070929214149,458 Agnes Dr,Madison,WI,53711,1304
070929214157,454 Agnes Dr,Madison,WI,53711,1304
070929214165,450 Agnes Dr,Madison,WI,53711,1304
070929214173,446 Agnes Dr,Madison,WI,53711,1304
070929214181,442 Agnes Dr,Madison,WI,53711,1304
070929215014,441 Agnes Dr,Madison,WI,53711,1303
070929215022,445 Agnes Dr,Madison,WI,53711,1303
070929215030,449 Agnes Dr,Madison,WI,53711,1303
070929215048,453 Agnes Dr,Madison,WI,53711,1303
070929215056,457 Agnes Dr,Madison,WI,53711,1303
070929215064,461 Agnes Dr,Madison,WI,53711,1303
070929215072,465 Agnes Dr,Madison,WI,53711,1303
070929215080,469 Agnes Dr,Madison,WI,53711,1303
070929215098,471 Agnes Dr,Madison,WI,53711,1303
070929215105,475 Agnes Dr,Madison,WI,53711,1303
070929215113,479 Agnes Dr,Madison,WI,53711,1303
070929215121,4718 Ames St,Madison,WI,53711,1308
070929215139,4714 Ames St,Madison,WI,53711,1308
070929215147,4710 Ames St,Madison,WI,53711,1308
070929215155,494 Orchard Dr,Madison,WI,53711,1353
070929215163,486 Orchard Dr,Madison,WI,53711,1353
070929215171,482 Orchard Dr,Madison,WI,53711,1353
070929215189,478 Orchard Dr,Madison,WI,53711,1353
070929215197,470 Orchard Dr,Madison,WI,53711,1353
070929215204,466 Orchard Dr,Madison,WI,53711,1353
070929215212,460 Orchard Dr,Madison,WI,53711,1353
070929215220,450 Orchard Dr,Madison,WI,53711,1353
070929215238,446 Orchard Dr,Madison,WI,53711,1353
070929215246,442 Orchard Dr,Madison,WI,53711,1353
070929215254,440 Orchard Dr,Madison,WI,53711,1353
070929215262,436 Orchard Dr,Madison,WI,53711,1353
070929215270,490 Orchard Dr,Madison,WI,53711,1353
070929216012,4625 Keating Ter,Madison,WI,53711,1349
070929216020,4629 Keating Ter,Madison,WI,53711,1349
070929216038,441 Orchard Dr,Madison,WI,53711,1352
070929216046,445 Orchard Dr,Madison,WI,53711,1352
070929216054,449 Orchard Dr,Madison,WI,53711,1352
070929216062,453 Orchard Dr,Madison,WI,53711,1352
070929216070,457 Orchard Dr,Madison,WI,53711,1352
070929216088,461 Orchard Dr,Madison,WI,53711,1352
070929216096,465 Orchard Dr,Madison,WI,53711,1352
070929216103,469 Orchard Dr,Madison,WI,53711,1352
070929216111,473 Orchard Dr,Madison,WI,53711,1352
070929216129,477 Orchard Dr,Madison,WI,53711,1352
070929216137,481 Orchard Dr,Madison,WI,53711,1352
070929216145,485 Orchard Dr,Madison,WI,53711,1352
070929216153,489 Orchard Dr,Madison,WI,53711,1352
070929216161,4626 Ames St,Madison,WI,53711,1351
070929216179,486 Charles Ln,Madison,WI,53711,1310
070929216187,482 Charles Ln,Madison,WI,53711,1310
070929216195,478 Charles Ln,Madison,WI,53711,1310
070929216202,474 Charles Ln,Madison,WI,53711,1310
070929216210,470 Charles Ln,Madison,WI,53711,1310
070929216228,466 Charles Ln,Madison,WI,53711,1310
070929216236,462 Charles Ln,Madison,WI,53711,1310
070929216244,458 Charles Ln,Madison,WI,53711,1310
070929216252,454 Charles Ln,Madison,WI,53711,1310
070929216260,450 Charles Ln,Madison,WI,53711,1310
070929216278,446 Charles Ln,Madison,WI,53711,1310
070929216286,442 Charles Ln,Madison,WI,53711,1310
070929217010,4603 Keating Ter,Madison,WI,53711,1301
070929217028,4609 Keating Ter,Madison,WI,53711,1301
070929217036,449 Charles Ln,Madison,WI,53711,1309
070929217044,453 Charles Ln,Madison,WI,53711,1309
070929217052,457 Charles Ln,Madison,WI,53711,1309
070929217060,461 Charles Ln,Madison,WI,53711,1309
070929217078,465 Charles Ln,Madison,WI,53711,1309
070929217086,469 Charles Ln,Madison,WI,53711,1309
070929217094,473 Charles Ln,Madison,WI,53711,1309
070929217101,477 Charles Ln,Madison,WI,53711,1309
070929217119,481 Charles Ln,Madison,WI,53711,1309
070929217127,4614 Ames St,Madison,WI,53711,1306
070929217135,4606 Ames St,Madison,WI,53711,1306
070929217143,486 Woodside Ter,Madison,WI,53711,1427
070929217151,482 Woodside Ter,Madison,WI,53711,1427
070929217169,478 Woodside Ter,Madison,WI,53711,1427
070929217177,474 Woodside Ter,Madison,WI,53711,1427
070929217185,470 Woodside Ter,Madison,WI,53711,1427
070929217193,466 Woodside Ter,Madison,WI,53711,1427
070929217200,462 Woodside Ter,Madison,WI,53711,1427
070929217218,458 Woodside Ter,Madison,WI,53711,1427
070929217226,454 Woodside Ter,Madison,WI,53711,1427
070929217234,450 Woodside Ter,Madison,WI,53711,1427
070929217242,446 Woodside Ter,Madison,WI,53711,1427
070929217250,442 Woodside Ter,Madison,WI,53711,1427
070929217268,445 Charles Ln,Madison,WI,53711,1309
070929218018,546 Woodside Ter,Madison,WI,53711,1429
070929218026,538 Woodside Ter,Madison,WI,53711,1429
070929218034,530 Woodside Ter,Madison,WI,53711,1429
070929218042,526 Woodside Ter,Madison,WI,53711,1429
070929218050,522 Woodside Ter,Madison,WI,53711,1429
070929218068,518 Woodside Ter,Madison,WI,53711,1429
070929218076,514 Woodside Ter,Madison,WI,53711,1429
070929218084,510 Woodside Ter,Madison,WI,53711,1429
070929218092,506 Woodside Ter,Madison,WI,53711,1429
070929218109,502 Woodside Ter,Madison,WI,53711,1429
070929218117,4609 Ames St,Madison,WI,53711,1305
070929218125,505 Charles Ln,Madison,WI,53711,1311
070929218133,509 Charles Ln,Madison,WI,53711,1311
070929218141,513 Charles Ln,Madison,WI,53711,1311
070929218159,517 Charles Ln,Madison,WI,53711,1311
070929218167,521 Charles Ln,Madison,WI,53711,1311
070929218175,525 Charles Ln,Madison,WI,53711,1311
070929218183,529 Charles Ln,Madison,WI,53711,1311
070929218191,533 Charles Ln,Madison,WI,53711,1311
070929218208,537 Charles Ln,Madison,WI,53711,1311
070929218216,4618 Tokay Blvd,Madison,WI,53711,1325
070929218224,4610 Tokay Blvd,Madison,WI,53711,1325
070929219016,4625 Ames St,Madison,WI,53711,1350
070929219024,4641 Ames St,Madison,WI,53711,1350
070929219032,505 Orchard Dr,Madison,WI,53711,1316
070929219040,509 Orchard Dr,Madison,WI,53711,1316
070929219058,513 Orchard Dr,Madison,WI,53711,1316
070929219066,517 Orchard Dr,Madison,WI,53711,1316
070929219074,521 Orchard Dr,Madison,WI,53711,1316
070929219082,525 Orchard Dr,Madison,WI,53711,1316
070929219090,529 Orchard Dr,Madison,WI,53711,1316
070929219107,533 Orchard Dr,Madison,WI,53711,1316
070929219115,541 Orchard Dr,Madison,WI,53711,1316
070929219123,4634 Tokay Blvd,Madison,WI,53711,1355
070929219131,4630 Tokay Blvd,Madison,WI,53711,1355
070929219149,542 Charles Ln,Madison,WI,53711,1312
070929219157,538 Charles Ln,Madison,WI,53711,1312
070929219165,534 Charles Ln,Madison,WI,53711,1312
070929219173,530 Charles Ln,Madison,WI,53711,1312
070929219181,526 Charles Ln,Madison,WI,53711,1312
070929219199,522 Charles Ln,Madison,WI,53711,1312
070929219206,518 Charles Ln,Madison,WI,53711,1312
070929219214,514 Charles Ln,Madison,WI,53711,1312
070929219222,510 Charles Ln,Madison,WI,53711,1312
070929219230,506 Charles Ln,Madison,WI,53711,1312
070929219248,537 Orchard Dr,Madison,WI,53711,1316
070929220013,4709 Ames St,Madison,WI,53711,1307
070929220021,501 Piper Dr,Madison,WI,53711,1318
070929220039,509 Piper Dr,Madison,WI,53711,1318
070929220047,513 Piper Dr,Madison,WI,53711,1318
070929220055,517 Piper Dr,Madison,WI,53711,1318
070929220063,521 Piper Dr,Madison,WI,53711,1318
070929220071,525 Piper Dr,Madison,WI,53711,1318
070929220089,529 Piper Dr,Madison,WI,53711,1318
070929220097,533 Piper Dr,Madison,WI,53711,1318
070929220104,537 Piper Dr,Madison,WI,53711,1318
070929220112,541 Piper Dr,Madison,WI,53711,1318
070929220120,4714 Tokay Blvd,Madison,WI,53711,1327
070929220138,546 Orchard Dr,Madison,WI,53711,1317
070929220146,542 Orchard Dr,Madison,WI,53711,1317
070929220154,538 Orchard Dr,Madison,WI,53711,1317
070929220162,534 Orchard Dr,Madison,WI,53711,1317
070929220170,530 Orchard Dr,Madison,WI,53711,1317
070929220188,526 Orchard Dr,Madison,WI,53711,1317
070929220196,522 Orchard Dr,Madison,WI,53711,1317
070929220203,518 Orchard Dr,Madison,WI,53711,1317
070929220211,514 Orchard Dr,Madison,WI,53711,1317
070929220229,510 Orchard Dr,Madison,WI,53711,1317
070929220237,506 Orchard Dr,Madison,WI,53711,1317
070929220245,502 Orchard Dr,Madison,WI,53711,1317
070929221011,4721 Ames St,Madison,WI,53711,1362
070929221029,485 Hilltop Dr,Madison,WI,53711,1235
070929221045,501 Hilltop Dr,Madison,WI,53711,1213
070929221053,509 Hilltop Dr,Madison,WI,53711,1213
070929221061,513 Hilltop Dr,Madison,WI,53711,1213
070929221079,517 Hilltop Dr,Madison,WI,53711,1213
070929221087,521 Hilltop Dr,Madison,WI,53711,1213
070929221095,525 Hilltop Dr,Madison,WI,53711,1213
070929221102,529 Hilltop Dr,Madison,WI,53711,1213
070929221110,533 Hilltop Dr,Madison,WI,53711,1213
070929221128,537 Hilltop Dr,Madison,WI,53711,1213
070929221136,541 Hilltop Dr,Madison,WI,53711,1213
070929221144,545 Hilltop Dr,Madison,WI,53711,1213
070929221152,4718 Tokay Blvd,Madison,WI,53711,1361
070929221160,542 Piper Dr,Madison,WI,53711,1319
070929221178,538 Piper Dr,Madison,WI,53711,1319
070929221186,534 Piper Dr,Madison,WI,53711,1319
070929221194,530 Piper Dr,Madison,WI,53711,1319
070929221201,526 Piper Dr,Madison,WI,53711,1319
070929221219,522 Piper Dr,Madison,WI,53711,1319
070929221227,518 Piper Dr,Madison,WI,53711,1319
070929221235,514 Piper Dr,Madison,WI,53711,1319
070929221243,510 Piper Dr,Madison,WI,53711,1319
070929221251,506 Piper Dr,Madison,WI,53711,1319
070929221269,502 Piper Dr,Madison,WI,53711,1319
070929221277,4713 Ames St,Madison,WI,53711,1362
070929221285,4717 Ames St,Madison,WI,53711,1362
070929221293,505 Hilltop Dr,Madison,WI,53711,1213
070929221300,489 Hilltop Dr,Madison,WI,53711,
070929221318,493 Hilltop Dr,Madison,WI,53711,1235
070929222019,4801 Hillview Ter,Madison,WI,53711,1201
070929222027,4805 Hillview Ter,Madison,WI,53711,1201
070929222035,4809 Hillview Ter,Madison,WI,53711,1201
070929222043,505 Edward St,Madison,WI,53711,1207
070929222051,509 Edward St,Madison,WI,53711,1207
070929222069,513 Edward St,Madison,WI,53711,1207
070929222077,517 Edward St,Madison,WI,53711,1207
070929222085,521 Edward St,Madison,WI,53711,1207
070929222093,525 Edward St,Madison,WI,53711,1207
070929222100,529 Edward St,Madison,WI,53711,1207
070929222118,533 Edward St,Madison,WI,53711,1207
070929222126,537 Edward St,Madison,WI,53711,1207
070929222134,4814 Tokay Blvd,Madison,WI,53711,1225
070929222142,544 Hilltop Dr,Madison,WI,53711,1214
070929222150,538 Hilltop Dr,Madison,WI,53711,1214
070929222168,534 Hilltop Dr,Madison,WI,53711,1214
070929222176,530 Hilltop Dr,Madison,WI,53711,1214
070929222184,526 Hilltop Dr,Madison,WI,53711,1214
070929222192,522 Hilltop Dr,Madison,WI,53711,1214
070929222209,518 Hilltop Dr,Madison,WI,53711,1214
070929222217,514 Hilltop Dr,Madison,WI,53711,1214
070929222225,510 Hilltop Dr,Madison,WI,53711,1214
070929222233,506 Hilltop Dr,Madison,WI,53711,1214
070929223017,501 S Segoe Rd,Madison,WI,53711,1220
070929223025,505 S Segoe Rd,Madison,WI,53711,1220
070929223033,509 S Segoe Rd,Madison,WI,53711,1220
070929223041,513 S Segoe Rd,Madison,WI,53711,1220
070929223059,517 S Segoe Rd,Madison,WI,53711,1220
070929223067,521 S Segoe Rd,Madison,WI,53711,1220
070929223075,525 S Segoe Rd,Madison,WI,53711,1220
070929223083,529 S Segoe Rd,Madison,WI,53711,1220
070929223091,531 S Segoe Rd,Madison,WI,53711,1220
070929223108,533 S Segoe Rd,Madison,WI,53711,1220
070929223116,537 S Segoe Rd,Madison,WI,53711,1220
070929223124,541 S Segoe Rd,Madison,WI,53711,1220
070929223132,4922 Eyre Ln,Madison,WI,53711,1210
070929223140,4918 Eyre Ln,Madison,WI,53711,1210
070929223158,4912 Eyre Ln,Madison,WI,53711,1210
070929223166,4910 Eyre Ln,Madison,WI,53711,1210
070929223174,4906 Eyre Ln,Madison,WI,53711,1210
070929223182,526 Caldy Pl,Madison,WI,53711,1206
070929223190,522 Caldy Pl,Madison,WI,53711,1206
070929223207,518 Caldy Pl,Madison,WI,53711,1206
070929223215,514 Caldy Pl,Madison,WI,53711,1206
070929223223,517 Caldy Pl,Madison,WI,53711,1205
070929223231,521 Caldy Pl,Madison,WI,53711,1205
070929223249,525 Caldy Pl,Madison,WI,53711,1205
070929223257,529 Caldy Pl,Madison,WI,53711,1205
070929223265,533 Caldy Pl,Madison,WI,53711,1205
070929223273,537 Caldy Pl,Madison,WI,53711,1205
070929223281,541 Caldy Pl,Madison,WI,53711,1205
070929223299,4830 Tokay Blvd,Madison,WI,53711,1257
070929223306,4820 Tokay Blvd,Madison,WI,53711,1257
070929223314,538 Edward St,Madison,WI,53711,1208
070929223322,534 Edward St,Madison,WI,53711,1208
070929223330,530 Edward St,Madison,WI,53711,1208
070929223348,526 Edward St,Madison,WI,53711,1208
070929223356,522 Edward St,Madison,WI,53711,1208
070929223364,518 Edward St,Madison,WI,53711,1208
070929223372,514 Edward St,Madison,WI,53711,1208
070929223380,510 Edward St,Madison,WI,53711,1208
070929223398,506 Edward St,Madison,WI,53711,1208
070929223405,4813 Hillview Ter,Madison,WI,53711,1236
070929223413,4817 Hillview Ter,Madison,WI,53711,1236
070929224015,537 Wedgewood Way,Madison,WI,53711,1134
070929224023,4930 Tokay Blvd,Madison,WI,53711,1227
070929224031,4926 Tokay Blvd,Madison,WI,53711,1227
070929224049,4922 Tokay Blvd,Madison,WI,53711,1227
070929224057,4918 Tokay Blvd,Madison,WI,53711,1227
070929224065,4914 Tokay Blvd,Madison,WI,53711,1227
070929224073,4910 Tokay Blvd,Madison,WI,53711,1227
070929224081,4906 Tokay Blvd,Madison,WI,53711,1227
070929224099,4902 Tokay Blvd,Madison,WI,53711,1227
070929224106,540 Caldy Pl,Madison,WI,53711,1248
070929224114,4905 Eyre Ln,Madison,WI,53711,1209
070929224122,4909 Eyre Ln,Madison,WI,53711,1209
070929224130,4913 Eyre Ln,Madison,WI,53711,1209
070929224148,4917 Eyre Ln,Madison,WI,53711,1209
070929224156,4921 Eyre Ln,Madison,WI,53711,1209
070929224164,4925 Eyre Ln,Madison,WI,53711,1209
070929225013,4921 Ascot Ln Unit 1,Madison,WI,53711,1258
070929225021,4921 Ascot Ln Unit 2,Madison,WI,53711,1258
070929225039,4921 Ascot Ln Unit 3,Madison,WI,53711,1258
070929225047,4921 Ascot Ln Unit 4,Madison,WI,53711,1258
070929225055,4921 Ascot Ln Unit 5,Madison,WI,53711,1258
070929301011,4609 Tokay Blvd,Madison,WI,53711,1324
070929301029,603 Charles Ln,Madison,WI,53711,1320
070929301037,605 Charles Ln,Madison,WI,53711,1320
070929301045,609 Charles Ln,Madison,WI,53711,1320
070929301053,613 Charles Ln,Madison,WI,53711,1320
070929301061,617 Charles Ln,Madison,WI,53711,1320
070929301079,621 Charles Ln,Madison,WI,53711,1320
070929301087,625 Charles Ln,Madison,WI,53711,1320
070929301095,629 Charles Ln,Madison,WI,53711,1320
070929302019,630 Charles Ln,Madison,WI,53711,1321
070929302027,626 Charles Ln,Madison,WI,53711,1321
070929302035,622 Charles Ln,Madison,WI,53711,1321
070929302043,618 Charles Ln,Madison,WI,53711,1321
070929302051,614 Charles Ln,Madison,WI,53711,1321
070929302069,610 Charles Ln,Madison,WI,53711,1321
070929302077,606 Charles Ln,Madison,WI,53711,1321
070929302085,4625 Tokay Blvd,Madison,WI,53711,1354
070929302093,4633 Tokay Blvd,Madison,WI,53711,1354
070929302100,603 Orchard Dr,Madison,WI,53711,1322
070929302118,605 Orchard Dr,Madison,WI,53711,1322
070929302126,609 Orchard Dr,Madison,WI,53711,1322
070929302134,613 Orchard Dr,Madison,WI,53711,1322
070929302142,617 Orchard Dr,Madison,WI,53711,1322
070929302150,621 Orchard Dr,Madison,WI,53711,1322
070929302168,625 Orchard Dr,Madison,WI,53711,1322
070929302176,629 Orchard Dr,Madison,WI,53711,1322
070929303017,4709 Tokay Blvd,Madison,WI,53711,1326
070929303025,601 Piper Dr,Madison,WI,53711,1338
070929303033,607 Piper Dr,Madison,WI,53711,1338
070929303041,609 Piper Dr,Madison,WI,53711,1338
070929303059,613 Piper Dr,Madison,WI,53711,1338
070929303067,617 Piper Dr,Madison,WI,53711,1338
070929303075,619 Piper Dr,Madison,WI,53711,1338
070929303083,621 Piper Dr,Madison,WI,53711,1338
070929303091,625 Piper Dr,Madison,WI,53711,1338
070929303108,629 Piper Dr,Madison,WI,53711,1338
070929303116,633 Piper Dr,Madison,WI,53711,1338
070929303124,637 Piper Dr,Madison,WI,53711,1338
070929303132,641 Piper Dr,Madison,WI,53711,1338
070929303140,645 Piper Dr,Madison,WI,53711,1338
070929303158,4709 Sherwood Rd,Madison,WI,53711,1340
070929303166,4713 Sherwood Rd,Madison,WI,53711,1340
070929303174,4737 Sherwood Rd,Madison,WI,53711,1340
070929303182,653 Hilltop Dr,Madison,WI,53711,1356
070929303190,657 Hilltop Dr,Madison,WI,53711,1356
070929303207,4734 Odana Rd,Madison,WI,53711,1335
070929303215,4718 Odana Rd,Madison,WI,53711,1335
070929303223,4710 Odana Rd,Madison,WI,53711,1335
070929303231,4702 Odana Rd,Madison,WI,53711,1335
070929303249,658 Orchard Dr,Madison,WI,53711,1323
070929303257,654 Orchard Dr,Madison,WI,53711,1323
070929303265,650 Orchard Dr,Madison,WI,53711,1323
070929303273,646 Orchard Dr,Madison,WI,53711,1323
070929303281,642 Orchard Dr,Madison,WI,53711,1323
070929303299,638 Orchard Dr,Madison,WI,53711,1323
070929303306,634 Orchard Dr,Madison,WI,53711,1323
070929303314,630 Orchard Dr,Madison,WI,53711,1323
070929303322,626 Orchard Dr,Madison,WI,53711,1323
070929303330,624 Orchard Dr,Madison,WI,53711,1323
070929303348,622 Orchard Dr,Madison,WI,53711,1323
070929303356,618 Orchard Dr,Madison,WI,53711,1323
070929303364,614 Orchard Dr,Madison,WI,53711,1323
070929303372,610 Orchard Dr,Madison,WI,53711,1323
070929303380,606 Orchard Dr,Madison,WI,53711,1323
070929303398,602 Orchard Dr,Madison,WI,53711,1323
070929304015,4725 Tokay Blvd,Madison,WI,53711,1360
070929304023,605 Hilltop Dr,Madison,WI,53711,1358
070929304031,609 Hilltop Dr,Madison,WI,53711,1358
070929304049,613 Hilltop Dr,Madison,WI,53711,1358
070929304057,617 Hilltop Dr,Madison,WI,53711,1358
070929304065,621 Hilltop Dr,Madison,WI,53711,1358
070929304073,625 Hilltop Dr,Madison,WI,53711,1358
070929304081,629 Hilltop Dr,Madison,WI,53711,1358
070929304099,633 Hilltop Dr,Madison,WI,53711,1358
070929304106,4738 Sherwood Rd,Madison,WI,,
070929304114,634 Piper Dr,Madison,WI,53711,1339
070929304122,630 Piper Dr,Madison,WI,53711,1339
070929304130,626 Piper Dr,Madison,WI,53711,1339
070929304148,622 Piper Dr,Madison,WI,53711,1339
070929304156,618 Piper Dr,Madison,WI,53711,1339
070929304164,614 Piper Dr,Madison,WI,53711,1339
070929304172,610 Piper Dr,Madison,WI,53711,1339
070929304180,606 Piper Dr,Madison,WI,53711,1339
070929304198,602 Piper Dr,Madison,WI,53711,1339
070929305013,4813 Tokay Blvd,Madison,WI,53711,1224
070929305021,4817 Tokay Blvd,Madison,WI,53711,1224
070929305039,4821 Tokay Blvd,Madison,WI,53711,1224
070929305047,4825 Tokay Blvd,Madison,WI,53711,1224
070929305055,4829 Tokay Blvd,Madison,WI,53711,1224
070929305063,4833 Tokay Blvd,Madison,WI,53711,1224
070929305071,4905 Tokay Blvd,Madison,WI,53711,1226
070929305089,4909 Tokay Blvd,Madison,WI,53711,1226
070929305097,4913 Tokay Blvd,Madison,WI,53711,1226
070929305104,4917 Tokay Blvd,Madison,WI,53711,1226
070929305112,4921 Tokay Blvd,Madison,WI,53711,1226
070929305120,4925 Tokay Blvd,Madison,WI,53711,1226
070929305138,4929 Tokay Blvd,Madison,WI,53711,1226
070929305146,4922 Woodburn Dr,Madison,WI,53711,1348
070929305154,4920 Woodburn Dr,Madison,WI,53711,1348
070929305162,4918 Woodburn Dr,Madison,WI,53711,1348
070929305170,4914 Woodburn Dr,Madison,WI,53711,1348
070929305188,4910 Woodburn Dr,Madison,WI,53711,1348
070929305196,4906 Woodburn Dr,Madison,WI,53711,1348
070929305203,4902 Woodburn Dr,Madison,WI,53711,1348
070929305211,4834 Woodburn Dr,Madison,WI,53711,1346
070929305229,4830 Woodburn Dr,Madison,WI,53711,1346
070929305237,4826 Woodburn Dr,Madison,WI,53711,1346
070929305245,4822 Woodburn Dr,Madison,WI,53711,1346
070929305253,4818 Woodburn Dr,Madison,WI,53711,1346
070929305261,4814 Woodburn Dr,Madison,WI,53711,1346
070929305279,4810 Woodburn Dr,Madison,WI,53711,1346
070929305287,4806 Woodburn Dr,Madison,WI,53711,1346
070929305295,610 Hilltop Dr,Madison,WI,53711,1328
070929305302,602 Hilltop Dr,Madison,WI,53711,1328
070929305310,4805 Tokay Blvd,Madison,WI,53711,1224
070929306011,4801 Woodburn Dr,Madison,WI,53711,1345
070929306029,4805 Woodburn Dr,Madison,WI,53711,1345
070929306037,4809 Woodburn Dr,Madison,WI,53711,1345
070929306045,4813 Woodburn Dr,Madison,WI,53711,1345
070929306053,4817 Woodburn Dr,Madison,WI,53711,1345
070929306061,4821 Woodburn Dr,Madison,WI,53711,1345
070929306079,4825 Woodburn Dr,Madison,WI,53711,1345
070929306087,4829 Woodburn Dr,Madison,WI,53711,1345
070929306095,4833 Woodburn Dr,Madison,WI,53711,1345
070929306102,4901 Woodburn Dr,Madison,WI,53711,1347
070929306110,4905 Woodburn Dr,Madison,WI,53711,1347
070929306128,4909 Woodburn Dr,Madison,WI,53711,1347
070929306136,4913 Woodburn Dr,Madison,WI,53711,1347
070929306144,4917 Woodburn Dr,Madison,WI,53711,1347
070929306152,4921 Woodburn Dr,Madison,WI,53711,1347
070929306160,4925 Woodburn Dr,Madison,WI,53711,1347
070929306178,4926 Holiday Dr,Madison,WI,53711,1332
070929306186,4922 Holiday Dr,Madison,WI,53711,1332
070929306194,4918 Holiday Dr,Madison,WI,53711,1332
070929306201,4914 Holiday Dr,Madison,WI,53711,1332
070929306219,4910 Holiday Dr,Madison,WI,53711,1332
070929306227,4906 Holiday Dr,Madison,WI,53711,1332
070929306235,4902 Holiday Dr,Madison,WI,53711,1332
070929306243,4834 Holiday Dr,Madison,WI,53711,1330
070929306251,4830 Holiday Dr,Madison,WI,53711,1330
070929306269,4826 Holiday Dr,Madison,WI,53711,1330
070929306277,4822 Holiday Dr,Madison,WI,53711,1330
070929306285,4818 Holiday Dr,Madison,WI,53711,1330
070929306293,4814 Holiday Dr,Madison,WI,53711,1330
070929306300,4810 Holiday Dr,Madison,WI,53711,1330
070929306318,4806 Holiday Dr,Madison,WI,53711,1330
070929306326,4802 Holiday Dr,Madison,WI,53711,1330
070929307019,4801 Holiday Dr,Madison,WI,53711,1329
070929307027,4805 Holiday Dr,Madison,WI,53711,1329
070929307035,4809 Holiday Dr,Madison,WI,53711,1329
070929307043,4813 Holiday Dr,Madison,WI,53711,1329
070929307051,4817 Holiday Dr,Madison,WI,53711,1329
070929307069,4825 Holiday Dr,Madison,WI,53711,1329
070929307077,4829 Holiday Dr,Madison,WI,53711,1329
070929307085,4833 Holiday Dr,Madison,WI,53711,1329
070929307093,4901 Holiday Dr,Madison,WI,53711,1331
070929307100,4905 Holiday Dr,Madison,WI,53711,1331
070929307118,4909 Holiday Dr,Madison,WI,53711,1331
070929307126,4917 Holiday Dr,Madison,WI,53711,1331
070929307134,4921 Holiday Dr,Madison,WI,53711,1331
070929307142,4925 Holiday Dr,Madison,WI,53711,1331
070929307150,4926 Sherwood Rd,Madison,WI,53711,1344
070929307168,4922 Sherwood Rd,Madison,WI,53711,1344
070929307176,4918 Sherwood Rd,Madison,WI,53711,1344
070929307184,4910 Sherwood Rd,Madison,WI,53711,1344
070929307192,4906 Sherwood Rd,Madison,WI,53711,1344
070929307209,4902 Sherwood Rd,Madison,WI,53711,1344
070929307217,4834 Sherwood Rd,Madison,WI,53711,1342
070929307225,4830 Sherwood Rd,Madison,WI,53711,1342
070929307233,4824 Sherwood Rd,Madison,WI,53711,1342
070929307241,4818 Sherwood Rd,Madison,WI,53711,1342
070929307259,4810 Sherwood Rd,Madison,WI,53711,1342
070929307267,4806 Sherwood Rd,Madison,WI,53711,1342
070929307275,4802 Sherwood Rd,Madison,WI,53711,1342
070929308017,4801 Sherwood Rd,Madison,WI,53711,1341
070929308025,4809 Sherwood Rd,Madison,WI,53711,1341
070929308033,4825 Sherwood Rd,Madison,WI,53711,1341
070929308041,4829 Sherwood Rd,Madison,WI,53711,1341
070929308059,4901 Sherwood Rd,Madison,WI,53711,1343
070929308067,4905 Sherwood Rd,Madison,WI,53711,1343
070929308075,4909 Sherwood Rd,Madison,WI,53711,1343
070929308083,4917 Sherwood Rd,Madison,WI,53711,1343
070929308091,4921 Sherwood Rd,Madison,WI,53711,1343
070929308108,4925 Sherwood Rd,Madison,WI,53711,1343
070929308116,4926 Odana Rd,Madison,WI,53711,1337
070929308124,4922 Odana Rd,Madison,WI,53711,1337
070929308132,4918 Odana Rd,Madison,WI,53711,1337
070929308140,4910 Odana Rd,Madison,WI,53711,1337
070929308158,4906 Odana Rd,Madison,WI,53711,1337
070929308166,4902 Odana Rd,Madison,WI,53711,1337
070929308174,4830 Odana Rd,Madison,WI,53711,1336
070929308182,4826 Odana Rd,Madison,WI,53711,1336
070929308190,4817 Sherwood Rd,Madison,WI,53711,1341
070929308207,4810 Odana Rd,Madison,WI,53711,1336
070929308215,4806 Odana Rd,Madison,WI,53711,1336
070929308223,4802 Odana Rd,Madison,WI,53711,1336
070929308231,656 Hilltop Dr,Madison,WI,53711,1359
070929308249,4813 Sherwood Rd,Madison,WI,53711,1341
070929308257,4814 Odana Rd,Madison,WI,53711,1336
070929309015,633 Orchard Dr,Madison,WI,53711,1322
070929309023,637 Orchard Dr,Madison,WI,53711,1322
070929309031,641 Orchard Dr,Madison,WI,53711,1322
070929309049,645 Orchard Dr,Madison,WI,53711,1322
070929309057,649 Orchard Dr,Madison,WI,53711,1322
070929309065,653 Orchard Dr,Madison,WI,53711,1322
070929309073,657 Orchard Dr,Madison,WI,53711,1322
070929309081,4642 Odana Rd,Madison,WI,53711,1357
070929309099,4634 Odana Rd,Madison,WI,53711,1357
070929309106,658 Charles Ln,Madison,WI,53711,1321
070929309114,654 Charles Ln,Madison,WI,53711,1321
070929309122,650 Charles Ln,Madison,WI,53711,1321
070929309130,646 Charles Ln,Madison,WI,53711,1321
070929309148,642 Charles Ln,Madison,WI,53711,1321
070929309156,638 Charles Ln,Madison,WI,53711,1321
070929309164,634 Charles Ln,Madison,WI,53711,1321
070929310012,633 Charles Ln,Madison,WI,53711,1320
070929310020,637 Charles Ln,Madison,WI,53711,1320
070929310038,641 Charles Ln,Madison,WI,53711,1320
070929310046,645 Charles Ln,Madison,WI,53711,1320
070929310054,649 Charles Ln,Madison,WI,53711,1320
070929310062,653 Charles Ln,Madison,WI,53711,1320
070929310070,657 Charles Ln,Madison,WI,53711,1320
070929310088,4626 Odana Rd,Madison,WI,53711,1334
070929311010,4635 Odana Rd,Madison,WI,53711,1333
070929311028,4627 Odana Rd,Madison,WI,53711,
070929405011,626 Odell St,Madison,WI,53711,1435
070929405029,622 Odell St,Madison,WI,53711,1435
070929405037,618 Odell St,Madison,WI,53711,1435
070929405045,614 Odell St,Madison,WI,53711,1435
070929405053,610 Odell St,Madison,WI,53711,1435
070929405061,4518 Wakefield St,Madison,WI,53711,1408
070929405079,4514 Wakefield St,Madison,WI,53711,1408
070929405087,4510 Wakefield St,Madison,WI,53711,1408
070929405095,4506 Wakefield St,Madison,WI,53711,1408
070929405102,4502 Wakefield St,Madison,WI,53711,1408
070929405110,4414 Wakefield St,Madison,WI,53711,1406
070929405128,4410 Wakefield St,Madison,WI,53711,1406
070929405136,4406 Wakefield St,Madison,WI,53711,1406
070929405144,610 S Midvale Blvd,Madison,WI,53711,1446
070929405152,602 S Midvale Blvd,Madison,WI,53711,1446
070929405160,4405 Tokay Blvd,Madison,WI,53711,1436
070929405178,4409 Tokay Blvd,Madison,WI,53711,1436
070929405186,4413 Tokay Blvd,Madison,WI,53711,1436
070929405194,4501 Tokay Blvd,Madison,WI,53711,1438
070929405201,4505 Tokay Blvd,Madison,WI,53711,1438
070929405219,4509 Tokay Blvd,Madison,WI,53711,1438
070929405227,4513 Tokay Blvd,Madison,WI,53711,1438
070929405235,4601 Tokay Blvd,Madison,WI,53711,1324
070929405243,4605 Tokay Blvd,Madison,WI,53711,1324
070929406019,4610 Odana Rd,Madison,WI,53711,1334
070929406027,662 Odell St,Madison,WI,53711,1435
070929406035,654 Odell St,Madison,WI,53711,1435
070929406043,650 Odell St,Madison,WI,53711,1435
070929406051,646 Odell St,Madison,WI,53711,1435
070929406069,642 Odell St,Madison,WI,53711,1435
070929406077,638 Odell St,Madison,WI,53711,1435
070929406085,634 Odell St,Madison,WI,53711,1435
070929406093,630 Odell St,Madison,WI,53711,1435
070929407017,4405 Wakefield St,Madison,WI,53711,1405
070929407025,4409 Wakefield St,Madison,WI,53711,1405
070929407033,4413 Wakefield St,Madison,WI,53711,1405
070929407041,4501 Wakefield St,Madison,WI,53711,1407
070929407059,4505 Wakefield St,Madison,WI,53711,1407
070929407067,4509 Wakefield St,Madison,WI,53711,1407
070929407075,611 Odell St,Madison,WI,53711,1434
070929407083,4514 Travis Ter,Madison,WI,53711,1404
070929407091,4510 Travis Ter,Madison,WI,53711,1404
070929407108,4506 Travis Ter,Madison,WI,53711,1404
070929407116,4502 Travis Ter,Madison,WI,53711,1404
070929407124,4414 Travis Ter,Madison,WI,53711,1402
070929407132,4410 Travis Ter,Madison,WI,53711,1402
070929407140,4406 Travis Ter,Madison,WI,53711,1402
070929407158,626 S Midvale Blvd,Madison,WI,53711,1454
070929407166,618 S Midvale Blvd,Madison,WI,53711,1454
070929410010,4401 Travis Ter,Madison,WI,53711,1464
070929410028,4405 Travis Ter,Madison,WI,53711,1401
070929410036,4409 Travis Ter,Madison,WI,53711,1401
070929410044,4413 Travis Ter,Madison,WI,53711,1401
070929410052,4501 Travis Ter,Madison,WI,53711,1403
070929410060,4505 Travis Ter,Madison,WI,53711,1403
070929410078,4509 Travis Ter,Madison,WI,53711,1403
070929410086,4513 Travis Ter,Madison,WI,53711,1403
070929410094,637 Odell St,Madison,WI,53711,1456
070929410101,4510 Herrick Ln,Madison,WI,53711,1433
070929410119,4506 Herrick Ln,Madison,WI,53711,1433
070929410127,4502 Herrick Ln,Madison,WI,53711,1433
070929410135,4414 Herrick Ln,Madison,WI,53711,1431
070929410143,4410 Herrick Ln,Madison,WI,53711,1431
070929410151,4406 Herrick Ln,Madison,WI,53711,1431
070929410169,4402 Herrick Ln,Madison,WI,53711,1465
070929411018,4505 Herrick Ln,Madison,WI,53711,1432
070929411026,645 Odell St,Madison,WI,53711,1457
070929411034,649 Odell St,Madison,WI,53711,1457
070929411042,653 Odell St,Madison,WI,53711,1457
070929411050,657 Odell St,Madison,WI,53711,1457
070929411068,4510 Odana Rd,Madison,WI,53711,1445
070929411076,4506 Odana Rd,Madison,WI,53711,1445
070929411084,4502 Odana Rd,Madison,WI,53711,1445
070929411092,658 York St,Madison,WI,53711,1441
070929411109,654 York St,Madison,WI,53711,1441
070929411117,650 York St,Madison,WI,53711,1441
070929412016,658 S Midvale Blvd,Madison,WI,53711,1455
070929412024,650 S Midvale Blvd,Madison,WI,53711,1455
070929412032,646 S Midvale Blvd,Madison,WI,53711,1455
070929412040,4405 Herrick Ln,Madison,WI,53711,1430
070929412058,4409 Herrick Ln,Madison,WI,53711,1430
070929412066,649 York St,Madison,WI,53711,1440
070929412074,653 York St,Madison,WI,53711,1440
070929412082,657 York St,Madison,WI,53711,1440
070929412090,4414 Odana Rd,Madison,WI,53711,1443
070929412107,4406 Odana Rd,Madison,WI,53711,1443
070929416018,830 Cabot Ln,Madison,WI,53711,2810
070929416026,826 Cabot Ln,Madison,WI,53711,2810
070929416034,822 Cabot Ln,Madison,WI,53711,2810
070929416042,818 Cabot Ln,Madison,WI,53711,2810
070929416050,814 Cabot Ln,Madison,WI,53711,2810
070929416068,810 Cabot Ln,Madison,WI,53711,2810
070929416076,806 Cabot Ln,Madison,WI,53711,2810
070929416084,802 Cabot Ln,Madison,WI,53711,2810
070929416092,730 Cabot Ln,Madison,WI,53711,2809
070929416109,726 Cabot Ln,Madison,WI,53711,2809
070929416117,722 Cabot Ln,Madison,WI,53711,2809
070929416125,718 Cabot Ln,Madison,WI,53711,2809
070929416133,4434 Rolla Ln,Madison,WI,53711,2814
070929416141,4430 Rolla Ln,Madison,WI,53711,2814
070929416159,4426 Rolla Ln,Madison,WI,53711,2814
070929416167,4422 Rolla Ln,Madison,WI,53711,2814
070929416175,4418 Rolla Ln,Madison,WI,53711,2814
070929416183,4414 Rolla Ln,Madison,WI,53711,2814
070929416191,4410 Rolla Ln,Madison,WI,53711,2814
070929416208,4406 Rolla Ln,Madison,WI,53711,2814
070929416216,4402 Rolla Ln,Madison,WI,53711,2814
070929416224,702 S Midvale Blvd,Madison,WI,53711,2828
070929416232,4405 Odana Rd,Madison,WI,53711,1442
070929416240,4409 Odana Rd,Madison,WI,53711,1442
070929416258,4413 Odana Rd,Madison,WI,53711,1442
070929416266,4501 Odana Rd,Madison,WI,53711,1444
070929416274,4505 Odana Rd,Madison,WI,53711,1444
070929416282,4509 Odana Rd,Madison,WI,53711,1444
070929416290,4513 Odana Rd,Madison,WI,53711,1444
070929416307,4601 Odana Rd,Madison,WI,53711,1333
070929416315,4605 Odana Rd,Madison,WI,53711,1333
070929417016,4401 Rolla Ln,Madison,WI,53711,2813
070929417024,4405 Rolla Ln,Madison,WI,53711,2813
070929417032,4409 Rolla Ln,Madison,WI,53711,2813
070929417040,4413 Rolla Ln,Madison,WI,53711,2813
070929417058,4417 Rolla Ln,Madison,WI,53711,2813
070929417066,4421 Rolla Ln,Madison,WI,53711,2813
070929417074,4425 Rolla Ln,Madison,WI,53711,2813
070929417082,4429 Rolla Ln,Madison,WI,53711,2813
070929417090,4430 Somerset Ln,Madison,WI,53711,2818
070929417107,4426 Somerset Ln,Madison,WI,53711,2818
070929417115,4422 Somerset Ln,Madison,WI,53711,2818
070929417123,4418 Somerset Ln,Madison,WI,53711,2818
070929417131,4414 Somerset Ln,Madison,WI,53711,2818
070929417149,4410 Somerset Ln,Madison,WI,53711,2818
070929417157,4406 Somerset Ln,Madison,WI,53711,2818
070929417165,4402 Somerset Ln,Madison,WI,53711,2818
070929425019,4401 Somerset Ln,Madison,WI,53711,2817
070929425027,4405 Somerset Ln,Madison,WI,53711,2817
070929425035,4409 Somerset Ln,Madison,WI,53711,2817
070929425043,4413 Somerset Ln,Madison,WI,53711,2817
070929425051,4417 Somerset Ln,Madison,WI,53711,2817
070929425069,4421 Somerset Ln,Madison,WI,53711,2817
070929425077,4425 Somerset Ln,Madison,WI,53711,2817
070929425085,4429 Somerset Ln,Madison,WI,53711,2817
070929425093,4430 Waite Ln,Madison,WI,53711,2846
070929425100,4426 Waite Ln,Madison,WI,53711,2846
070929425118,4422 Waite Ln,Madison,WI,53711,2846
070929425126,4418 Waite Ln,Madison,WI,53711,2846
070929425134,4414 Waite Ln,Madison,WI,53711,2846
070929425142,4410 Waite Ln,Madison,WI,53711,2846
070929425150,4406 Waite Ln,Madison,WI,53711,2846
070929425168,4402 Waite Ln,Madison,WI,53711,2846
070929426017,830 S Midvale Blvd,Madison,WI,53711,2829
070929426025,826 S Midvale Blvd,Madison,WI,53711,2829
070929426033,4401 Waite Ln,Madison,WI,53711,2845
070929426041,4409 Waite Ln,Madison,WI,53711,2845
070929426059,4413 Waite Ln,Madison,WI,53711,2845
070929426067,4417 Waite Ln,Madison,WI,53711,2845
070929426075,4421 Waite Ln,Madison,WI,53711,2845
070929426083,4425 Waite Ln,Madison,WI,53711,2845
070929426091,4429 Waite Ln,Madison,WI,53711,2845
070929426108,825 Cabot Ln,Madison,WI,53711,2849
070929426116,4422 Vale Cir,Madison,WI,53711,2820
070929426124,4418 Vale Cir,Madison,WI,53711,2820
070929426132,4414 Vale Cir,Madison,WI,53711,2820
070929426140,4410 Vale Cir,Madison,WI,53711,2820
070929426158,4406 Vale Cir,Madison,WI,53711,2820
070929426166,4402 Vale Cir,Madison,WI,53711,2820
070929426174,4409 Vale Cir,Madison,WI,53711,2819
070929426182,4413 Vale Cir,Madison,WI,53711,2819
070929426190,4417 Vale Cir,Madison,WI,53711,2819
070929426207,4421 Vale Cir,Madison,WI,53711,2819
070929426215,4425 Vale Cir,Madison,WI,53711,2819
070929426223,850 S Midvale Blvd,Madison,WI,53711,
070929426231,860 S Midvale Blvd,Madison,WI,53711,
070930101012,411 Rushmore Ln,Madison,WI,53711,1128
070930101020,425 Rushmore Ln,Madison,WI,53711,1128
070930101038,429 Rushmore Ln,Madison,WI,53711,1128
070930101046,433 Rushmore Ln,Madison,WI,53711,1128
070930101054,437 Rushmore Ln,Madison,WI,53711,1128
070930101062,441 Rushmore Ln,Madison,WI,53711,1128
070930101070,445 Rushmore Ln,Madison,WI,53711,1128
070930101088,5014 Tocora Ln,Madison,WI,53711,1131
070930101096,5010 Tocora Ln,Madison,WI,53711,1131
070930101103,5006 Tocora Ln,Madison,WI,53711,1131
070930101111,442 Presidential Ln,Madison,WI,53711,1125
070930101129,438 Presidential Ln,Madison,WI,53711,1125
070930101137,434 Presidential Ln,Madison,WI,53711,1125
070930101145,430 Presidential Ln,Madison,WI,53711,1125
070930101153,426 Presidential Ln,Madison,WI,53711,1125
070930101161,422 Presidential Ln,Madison,WI,53711,1125
070930101179,418 Presidential Ln,Madison,WI,53711,1125
070930101187,405 Rushmore Ln,Madison,WI,53711,1128
070930102010,5106 Tocora Ln,Madison,WI,53711,1133
070930102028,5102 Tocora Ln,Madison,WI,53711,1133
070930102036,446 Rushmore Ln,Madison,WI,53711,1129
070930102044,442 Rushmore Ln,Madison,WI,53711,1129
070930102052,438 Rushmore Ln,Madison,WI,53711,1129
070930102060,434 Rushmore Ln,Madison,WI,53711,1129
070930102078,430 Rushmore Ln,Madison,WI,53711,1129
070930102086,426 Rushmore Ln,Madison,WI,53711,1145
070930102094,422 Rushmore Ln,Madison,WI,53711,1144
070930102101,5101 Mineral Point Rd,Madison,WI,53705,4782
070930102119,414 Rushmore Ln,Madison,WI,53711,1143
070930102127,410 Rushmore Ln,Madison,WI,53711,1142
070930102135,406 Rushmore Ln,Madison,WI,53711,1141
070930102143,402 Rushmore Ln,Madison,WI,53711,1140
070930102151,5103 Mineral Point Rd,Madison,WI,53705,
070930103018,5102 Manor Cross,Madison,WI,53711,1123
070930103026,518 Rushmore Ln,Madison,WI,53711,1162
070930103034,514 Rushmore Ln,Madison,WI,53711,1162
070930103042,510 Rushmore Ln,Madison,WI,53711,1162
070930103050,506 Rushmore Ln,Madison,WI,53711,1162
070930103068,502 Rushmore Ln,Madison,WI,53711,1162
070930103076,492 Rushmore Ln,Madison,WI,53711,1156
070930103084,488 Rushmore Ln,Madison,WI,53711,1156
070930103092,484 Rushmore Ln,Madison,WI,53711,1156
070930103109,480 Rushmore Ln,Madison,WI,53711,1156
070930103117,476 Rushmore Ln,Madison,WI,53711,1156
070930103125,472 Rushmore Ln,Madison,WI,53711,1156
070930103133,468 Rushmore Ln,Madison,WI,53711,1156
070930103141,464 Rushmore Ln,Madison,WI,53711,1156
070930103159,460 Rushmore Ln,Madison,WI,53711,1156
070930103167,456 Rushmore Ln,Madison,WI,53711,1156
070930103175,5105 Tocora Ln,Madison,WI,53711,1132
070930104016,5001 Tocora Ln,Madison,WI,53711,1130
070930104024,5005 Tocora Ln,Madison,WI,53711,1130
070930104032,5009 Tocora Ln,Madison,WI,53711,1130
070930104040,455 Rushmore Ln,Madison,WI,53711,1155
070930104058,459 Rushmore Ln,Madison,WI,53711,1155
070930104066,463 Rushmore Ln,Madison,WI,53711,1155
070930104074,467 Rushmore Ln,Madison,WI,53711,1155
070930104082,471 Rushmore Ln,Madison,WI,53711,1155
070930104090,475 Rushmore Ln,Madison,WI,53711,1155
070930104107,479 Rushmore Ln,Madison,WI,53711,1155
070930104115,483 Rushmore Ln,Madison,WI,53711,1155
070930104123,487 Rushmore Ln,Madison,WI,53711,1155
070930104131,491 Rushmore Ln,Madison,WI,53711,1155
070930104149,501 Rushmore Ln,Madison,WI,53711,1161
070930104157,505 Rushmore Ln,Madison,WI,53711,1161
070930104165,509 Rushmore Ln,Madison,WI,53711,1161
070930104173,513 Rushmore Ln,Madison,WI,53711,1161
070930104181,5018 Manor Cross,Madison,WI,53711,1167
070930104199,5014 Manor Cross,Madison,WI,53711,1167
070930104206,5010 Manor Cross,Madison,WI,53711,1167
070930104214,5006 Manor Cross,Madison,WI,53711,1167
070930104222,514 Presidential Ln,Madison,WI,53711,1127
070930104230,510 Presidential Ln,Madison,WI,53711,1127
070930104248,506 Presidential Ln,Madison,WI,53711,1127
070930104256,502 Presidential Ln,Madison,WI,53711,1127
070930104264,492 Presidential Ln,Madison,WI,53711,1154
070930104272,488 Presidential Ln,Madison,WI,53711,1154
070930104280,484 Presidential Ln,Madison,WI,53711,1154
070930104298,480 Presidential Ln,Madison,WI,53711,1154
070930104305,476 Presidential Ln,Madison,WI,53711,1154
070930104313,472 Presidential Ln,Madison,WI,53711,1154
070930104321,468 Presidential Ln,Madison,WI,53711,1154
070930104339,464 Presidential Ln,Madison,WI,53711,1154
070930104347,460 Presidential Ln,Madison,WI,53711,1154
070930105014,5106 Tokay Blvd,Madison,WI,53711,1025
070930105022,5102 Tokay Blvd,Madison,WI,53711,1025
070930105030,578 S Segoe Rd,Madison,WI,53711,1221
070930105048,574 S Segoe Rd,Madison,WI,53711,1221
070930105056,570 S Segoe Rd,Madison,WI,53711,1221
070930105064,566 S Segoe Rd,Madison,WI,53711,1221
070930105072,562 S Segoe Rd,Madison,WI,53711,1221
070930105080,558 S Segoe Rd,Madison,WI,53711,1221
070930105098,5001 Manor Cross,Madison,WI,53711,1120
070930105105,5005 Manor Cross,Madison,WI,53711,1120
070930105113,5009 Manor Cross,Madison,WI,53711,1120
070930105121,5013 Manor Cross,Madison,WI,53711,1120
070930105139,529 Rushmore Ln,Madison,WI,53711,1165
070930105147,533 Rushmore Ln,Madison,WI,53711,1165
070930105155,537 Rushmore Ln,Madison,WI,53711,1165
070930105163,542 Rushmore Ln,Madison,WI,53711,1157
070930105171,538 Rushmore Ln,Madison,WI,53711,1157
070930105189,534 Rushmore Ln,Madison,WI,53711,1157
070930105197,5101 Manor Cross,Madison,WI,53711,1122
070930106012,2 Science Ct,Madison,WI,53711,1088
070930106020,11 Science Ct,Madison,WI,53711,1055
070930106038,1 Science Ct,Madison,WI,53711,1055
070930106046,455 Science Dr,Madison,WI,53711,1067
070930106054,465 Science Dr,Madison,WI,53711,1000
070930106088,505 Science Dr,Madison,WI,53711,1093
070930106103,545 Science Dr,Madison,WI,53711,1060
070930106111,595 Science Dr,Madison,WI,53711,1079
070930106145,535 Science Dr,Madison,WI,53711,1066
070930106997,99 Science Ct,Madison,WI,53711,
070930107010,406 Science Dr,Madison,WI,53711,1098
070930107036,440 Science Dr,Madison,WI,53711,1064
070930107052,450 Science Dr,Madison,WI,53711,1169
070930107086,506 Science Dr,Madison,WI,53711,
070930107094,636 Science Dr,Madison,WI,53711,1073
070930107101,644 Science Dr,Madison,WI,53711,1073
070930107143,550 Science Dr,Madison,WI,53711,1059
070930108018,645 Science Dr,Madison,WI,53711,1074
070930108026,635 Science Dr,Madison,WI,53711,1099
070930108034,621 Science Dr,Madison,WI,53711,1074
070930108042,5330 Tokay Blvd,Madison,WI,,
070930108050,5306 Tokay Blvd,Madison,WI,,
070930401016,5001 Tokay Blvd,Madison,WI,53711,1101
070930401024,5005 Tokay Blvd,Madison,WI,53711,1101
070930401032,5009 Tokay Blvd,Madison,WI,53711,1101
070930401040,5013 Tokay Blvd,Madison,WI,53711,1101
070930401058,5017 Tokay Blvd,Madison,WI,53711,1101
070930401066,601 Constitution Ln,Madison,WI,53711,1116
070930401074,605 Constitution Ln,Madison,WI,53711,1116
070930401082,609 Constitution Ln,Madison,WI,53711,1116
070930401090,613 Constitution Ln,Madison,WI,53711,1116
070930401107,5018 Woodburn Dr,Madison,WI,53711,1115
070930401115,5014 Woodburn Dr,Madison,WI,53711,1115
070930401123,5010 Woodburn Dr,Madison,WI,53711,1115
070930401131,5006 Woodburn Dr,Madison,WI,53711,1115
070930401149,5002 Woodburn Dr,Madison,WI,53711,1115
070930401157,5002 Tokay Blvd,Madison,WI,,
070930402014,642 S Segoe Rd,Madison,WI,53711,1023
070930402022,638 S Segoe Rd,Madison,WI,53711,1023
070930402030,634 S Segoe Rd,Madison,WI,53711,1023
070930402048,630 S Segoe Rd,Madison,WI,53711,1023
070930402056,626 S Segoe Rd,Madison,WI,53711,1023
070930402064,622 S Segoe Rd,Madison,WI,53711,1023
070930402072,618 S Segoe Rd,Madison,WI,53711,1023
070930402080,614 S Segoe Rd,Madison,WI,53711,1023
070930402098,610 S Segoe Rd,Madison,WI,53711,1023
070930402113,5117 Tokay Blvd,Madison,WI,53711,1049
070930402121,5121 Tokay Blvd,Madison,WI,53711,1024
070930402139,3 Bluebird Ct,Madison,WI,53711,1021
070930402147,5 Bluebird Ct,Madison,WI,53711,1045
070930402155,9 Bluebird Ct,Madison,WI,53711,1044
070930402163,15 Bluebird Ct,Madison,WI,53711,1043
070930402171,17 Bluebird Ct,Madison,WI,53711,1021
070930402189,5201 Tokay Blvd,Madison,WI,53711,1026
070930402197,5205 Tokay Blvd,Madison,WI,53711,1053
070930403012,5301 Tokay Blvd,Madison,WI,53711,1027
070930403038,678 S Segoe Rd,Madison,WI,,
070930404010,160 Westgate Mall,Madison,WI,53711,1063
070930404028,699 S Whitney Way,Madison,WI,53711,1034
070930405018,633 S Segoe Rd,Madison,WI,53711,1048
070930405026,637 S Segoe Rd,Madison,WI,53711,1048
070930405034,657 S Segoe Rd,Madison,WI,53711,1046
070930405042,5302 Odana Rd,Madison,WI,53711,1069
070930405050,5218 Odana Rd,Madison,WI,53711,1016
070930405068,5202 Odana Rd,Madison,WI,53711,1016
070930405076,650 Dearholt Rd,Madison,WI,53711,1006
070930405084,646 Dearholt Rd,Madison,WI,53711,1006
070930405092,638 Dearholt Rd,Madison,WI,53711,1006
070930405109,634 Dearholt Rd,Madison,WI,53711,1006
070930405117,630 Dearholt Rd,Madison,WI,53711,1006
070930405125,5220 Odana Rd,Madison,WI,53711,1016
070930405133,5224 Odana Rd,Madison,WI,53711,1016
070930406016,613 S Segoe Rd,Madison,WI,53711,1022
070930406024,617 S Segoe Rd,Madison,WI,53711,1022
070930406032,621 S Segoe Rd,Madison,WI,53711,1022
070930406040,625 S Segoe Rd,Madison,WI,53711,1022
070930406058,629 S Segoe Rd,Madison,WI,53711,1022
070930406066,5118 Holiday Dr,Madison,WI,53711,1008
070930406074,5114 Holiday Dr,Madison,WI,53711,1008
070930406082,5110 Holiday Dr,Madison,WI,53711,1008
070930406090,630 Constitution Ln,Madison,WI,53711,1117
070930406107,626 Constitution Ln,Madison,WI,53711,1117
070930406115,622 Constitution Ln,Madison,WI,53711,1117
070930406123,618 Constitution Ln,Madison,WI,53711,1117
070930406131,614 Constitution Ln,Madison,WI,53711,1117
070930406149,610 Constitution Ln,Madison,WI,53711,1117
070930407014,5001 Woodburn Dr,Madison,WI,53711,1114
070930407022,5005 Woodburn Dr,Madison,WI,53711,1114
070930407030,5009 Woodburn Dr,Madison,WI,53711,1114
070930407048,5013 Woodburn Dr,Madison,WI,53711,1114
070930407056,5017 Woodburn Dr,Madison,WI,53711,1114
070930407064,617 Constitution Ln,Madison,WI,53711,1148
070930407072,621 Constitution Ln,Madison,WI,53711,1148
070930407080,625 Constitution Ln,Madison,WI,53711,1148
070930407098,629 Constitution Ln,Madison,WI,53711,1148
070930407105,5018 Holiday Dr,Madison,WI,53711,1108
070930407113,5014 Holiday Dr,Madison,WI,53711,1108
070930407121,5010 Holiday Dr,Madison,WI,53711,1108
070930407139,5006 Holiday Dr,Madison,WI,53711,1108
070930407147,5002 Holiday Dr,Madison,WI,53711,1108
070930408012,5001 Holiday Dr,Madison,WI,53711,1107
070930408020,5005 Holiday Dr,Madison,WI,53711,1107
070930408038,5009 Holiday Dr,Madison,WI,53711,1107
070930408046,5013 Holiday Dr,Madison,WI,53711,1107
070930408054,5017 Holiday Dr,Madison,WI,53711,1107
070930408062,5021 Holiday Dr,Madison,WI,53711,1107
070930408070,5025 Holiday Dr,Madison,WI,53711,1107
070930408088,5101 Holiday Dr,Madison,WI,53711,1007
070930408096,5105 Holiday Dr,Madison,WI,53711,1007
070930408103,5109 Holiday Dr,Madison,WI,53711,1007
070930408111,5113 Holiday Dr,Madison,WI,53711,1007
070930408129,5117 Holiday Dr,Madison,WI,53711,1007
070930408137,5121 Holiday Dr,Madison,WI,53711,1007
070930408145,5122 Sherwood Rd,Madison,WI,53711,1020
070930408153,5118 Sherwood Rd,Madison,WI,53711,1020
070930408161,5114 Sherwood Rd,Madison,WI,53711,1020
070930408179,5110 Sherwood Rd,Madison,WI,53711,1020
070930408187,5106 Sherwood Rd,Madison,WI,53711,1020
070930408195,5102 Sherwood Rd,Madison,WI,53711,1020
070930408202,5026 Sherwood Rd,Madison,WI,53711,1112
070930408210,5022 Sherwood Rd,Madison,WI,53711,1112
070930408228,5018 Sherwood Rd,Madison,WI,53711,1112
070930408236,5014 Sherwood Rd,Madison,WI,53711,1112
070930408244,5010 Sherwood Rd,Madison,WI,53711,1112
070930408252,5006 Sherwood Rd,Madison,WI,53711,1112
070930408260,5002 Sherwood Rd,Madison,WI,53711,1112
070930409010,5001 Sherwood Rd,Madison,WI,53711,1111
070930409028,5005 Sherwood Rd,Madison,WI,53711,1111
070930409036,5009 Sherwood Rd,Madison,WI,53711,1111
070930409044,5013 Sherwood Rd,Madison,WI,53711,1111
070930409052,5017 Sherwood Rd,Madison,WI,53711,1111
070930409060,5021 Sherwood Rd,Madison,WI,53711,1111
070930409078,5025 Sherwood Rd,Madison,WI,53711,1111
070930409086,5101 Sherwood Rd,Madison,WI,53711,1019
070930409094,5105 Sherwood Rd,Madison,WI,53711,1019
070930409101,5109 Sherwood Rd,Madison,WI,53711,1019
070930409119,5113 Sherwood Rd,Madison,WI,53711,1019
070930409127,5117 Sherwood Rd,Madison,WI,53711,1019
070930409135,5121 Sherwood Rd,Madison,WI,53711,1019
070930409143,653 Dearholt Rd,Madison,WI,53711,1005
070930409151,5110 Odana Rd,Madison,WI,53711,1014
070930409169,5106 Odana Rd,Madison,WI,53711,1014
070930409177,5102 Odana Rd,Madison,WI,53711,1014
070930409185,5034 Odana Rd,Madison,WI,53711,1160
070930409193,5030 Odana Rd,Madison,WI,53711,1160
070930409200,5026 Odana Rd,Madison,WI,53711,1160
070930409218,5022 Odana Rd,Madison,WI,53711,1160
070930409226,5018 Odana Rd,Madison,WI,53711,1160
070930409234,5014 Odana Rd,Madison,WI,53711,1160
070930409242,5010 Odana Rd,Madison,WI,53711,1160
070930409250,5006 Odana Rd,Madison,WI,53711,1160
070930409268,5002 Odana Rd,Madison,WI,53711,1160
070930410017,702 Wedgewood Way,Madison,WI,53711,1113
070930410025,5005 Odana Rd,Madison,WI,53711,1102
070930410033,5009 Odana Rd,Madison,WI,53711,1102
070930410041,5017 Odana Rd,Madison,WI,53711,1102
070930410059,5021 Odana Rd,Madison,WI,53711,1102
070930410067,5025 Odana Rd,Madison,WI,53711,1102
070930410075,5101 Odana Rd,Madison,WI,53711,1013
070930410083,5105 Odana Rd,Madison,WI,53711,1013
070930410091,701 Dearholt Rd,Madison,WI,53711,1135
070930410108,705 Dearholt Rd,Madison,WI,53711,1135
070930410116,709 Dearholt Rd,Madison,WI,53711,1135
070930410124,5110 Coney Weston Pl,Madison,WI,53711,1106
070930410132,5106 Coney Weston Pl,Madison,WI,53711,1106
070930410140,5102 Coney Weston Pl,Madison,WI,53711,1106
070930410158,5026 Coney Weston Pl,Madison,WI,53711,1104
070930410166,5022 Coney Weston Pl,Madison,WI,53711,1104
070930410174,5018 Coney Weston Pl,Madison,WI,53711,1104
070930410182,5010 Coney Weston Pl,Madison,WI,53711,1104
070930410190,714 Wedgewood Way,Madison,WI,53711,1113
070930410207,710 Wedgewood Way,Madison,WI,53711,1113
070930410215,5013 Odana Rd,Madison,WI,53711,
070930411015,5205 Odana Rd,Madison,WI,53711,1015
070930411023,5209 Odana Rd,Madison,WI,53711,1015
070930411031,5213 Odana Rd,Madison,WI,53711,1015
070930411049,5217 Odana Rd,Madison,WI,53711,1015
070930411057,5221 Odana Rd,Madison,WI,53711,1015
070930411065,5301 Odana Rd,Madison,WI,53711,1017
070930411073,5305 Odana Rd,Madison,WI,53711,1017
070930411081,5309 Odana Rd,Madison,WI,53711,1017
070930411099,5313 Odana Rd,Madison,WI,53711,1017
070930411106,5317 Odana Rd,Madison,WI,53711,1017
070930411114,5321 Odana Rd,Madison,WI,53711,1017
070930411122,701 Odana Ln,Madison,WI,53711,2517
070930411130,705 Odana Ln,Madison,WI,53711,2517
070930411148,709 Odana Ln,Madison,WI,53711,2517
070930411156,713 Odana Ln,Madison,WI,53711,2517
070930411164,5334 Coney Weston Pl,Madison,WI,53711,1004
070930411172,5330 Coney Weston Pl,Madison,WI,53711,1004
070930411180,5326 Coney Weston Pl,Madison,WI,53711,1004
070930411198,5322 Coney Weston Pl,Madison,WI,53711,1004
070930411205,5318 Coney Weston Pl,Madison,WI,53711,1004
070930411213,5314 Coney Weston Pl,Madison,WI,53711,1004
070930411221,5310 Coney Weston Pl,Madison,WI,53711,1004
070930411239,5306 Coney Weston Pl,Madison,WI,53711,1004
070930411247,5302 Coney Weston Pl,Madison,WI,53711,1004
070930411255,5218 Coney Weston Pl,Madison,WI,53711,1002
070930411263,5214 Coney Weston Pl,Madison,WI,53711,1002
070930411271,5210 Coney Weston Pl,Madison,WI,53711,1002
070930411289,5206 Coney Weston Pl,Madison,WI,53711,1002
070930411297,5202 Coney Weston Pl,Madison,WI,53711,1002
070930411304,706 Dearholt Rd,Madison,WI,53711,1136
070930411312,702 Dearholt Rd,Madison,WI,53711,1136
070930412013,702 Odana Ln,Madison,WI,53711,2518
070930413011,5201 Milward Dr,Madison,WI,53711,
070930413029,5205 Milward Dr,Madison,WI,53711,1009
070930413037,5209 Milward Dr,Madison,WI,53711,1009
070930413045,5213 Milward Dr,Madison,WI,53711,1009
070930413053,5217 Milward Dr,Madison,WI,53711,1009
070930413061,5301 Milward Dr,Madison,WI,53711,1011
070930413079,5305 Milward Dr,Madison,WI,53711,1011
070930413087,5309 Milward Dr,Madison,WI,53711,1011
070930413095,5313 Milward Dr,Madison,WI,53711,1011
070930413102,5317 Milward Dr,Madison,WI,53711,1011
070930413110,5321 Milward Dr,Madison,WI,53711,1011
070930413128,5325 Milward Dr,Madison,WI,53711,1011
070930413136,5358 Coney Weston Pl,Madison,WI,53711,1041
070930413144,5354 Coney Weston Pl,Madison,WI,53711,1041
070930413152,5350 Coney Weston Pl,Madison,WI,53711,1041
070930413160,5346 Coney Weston Pl,Madison,WI,53711,1041
070930413178,5342 Coney Weston Pl,Madison,WI,53711,1041
070930413186,5338 Coney Weston Pl,Madison,WI,53711,1041
070930413194,749 Odana Ln,Madison,WI,53711,2559
070930413201,755 Odana Ln,Madison,WI,53711,2559
070930413219,761 Odana Ln,Madison,WI,53711,2559
070930413227,765 Odana Ln,Madison,WI,53711,2559
070930413235,769 S Whitney Way,Madison,WI,53711,2581
070930413243,773 S Whitney Way,Madison,WI,53711,2582
070930413251,777 S Whitney Way,Madison,WI,53711,
070930413269,5362 Coney Weston Pl,Madison,WI,53711,1041
070930413277,5329 Milward Dr,Madison,WI,53711,1011
070930413285,5360 Coney Weston Pl,Madison,WI,53711,
070930414019,718 Dearholt Rd,Madison,WI,53711,1147
070930414027,5209 Coney Weston Pl,Madison,WI,53711,1001
070930414035,5213 Coney Weston Pl,Madison,WI,53711,1001
070930414043,5217 Coney Weston Pl,Madison,WI,53711,1001
070930414051,5301 Coney Weston Pl,Madison,WI,53711,1003
070930414069,5305 Coney Weston Pl,Madison,WI,53711,1003
070930414077,5309 Coney Weston Pl,Madison,WI,53711,1003
070930414085,5313 Coney Weston Pl,Madison,WI,53711,1003
070930414093,5317 Coney Weston Pl,Madison,WI,53711,1003
070930414100,5327 Coney Weston Pl,Madison,WI,53711,1003
070930414118,5322 Fairway Dr,Madison,WI,53711,1039
070930414126,5318 Fairway Dr,Madison,WI,53711,1039
070930414134,5314 Fairway Dr,Madison,WI,53711,1039
070930414142,5310 Fairway Dr,Madison,WI,53711,1039
070930414150,5306 Fairway Dr,Madison,WI,53711,1039
070930414168,5302 Fairway Dr,Madison,WI,53711,1039
070930414176,5218 Fairway Dr,Madison,WI,53711,1037
070930414184,5214 Fairway Dr,Madison,WI,53711,1037
070930414192,5210 Fairway Dr,Madison,WI,53711,1037
070930414209,5206 Fairway Dr,Madison,WI,53711,1037
070930414217,5202 Fairway Dr,Madison,WI,53711,1037
070930415017,5001 Coney Weston Pl,Madison,WI,53711,1103
070930415025,5009 Coney Weston Pl,Madison,WI,53711,1103
070930415033,5013 Coney Weston Pl,Madison,WI,53711,1103
070930415041,5017 Coney Weston Pl,Madison,WI,53711,1103
070930415059,5021 Coney Weston Pl,Madison,WI,53711,1103
070930415067,5025 Coney Weston Pl,Madison,WI,53711,1103
070930415075,5101 Coney Weston Pl,Madison,WI,53711,1105
070930415083,5105 Coney Weston Pl,Madison,WI,53711,1105
070930415091,5109 Coney Weston Pl,Madison,WI,53711,1105
070930415108,5113 Coney Weston Pl,Madison,WI,53711,1105
070930415116,713 Dearholt Rd,Madison,WI,53711,1146
070930415124,719 Dearholt Rd,Madison,WI,53711,1146
070930415132,725 Dearholt Rd,Madison,WI,53711,1146
070930415140,729 Dearholt Rd,Madison,WI,53711,1146
070930415158,733 Dearholt Rd,Madison,WI,53711,1146
070930415166,5114 Milward Dr,Madison,WI,53711,1110
070930415174,5110 Milward Dr,Madison,WI,53711,1110
070930415182,5102 Milward Dr,Madison,WI,53711,1110
070930415190,5026 Milward Dr,Madison,WI,53711,1109
070930415207,5022 Milward Dr,Madison,WI,53711,1109
070930415215,5018 Milward Dr,Madison,WI,53711,1109
070930415223,5010 Milward Dr,Madison,WI,53711,1109
070930415231,5006 Milward Dr,Madison,WI,53711,1109
070930415249,730 Wedgewood Way,Madison,WI,53711,1137
070930415257,722 Wedgewood Way,Madison,WI,53711,1137
070930416015,5201 Fairway Dr,Madison,WI,53711,1036
070930416023,5205 Fairway Dr,Madison,WI,53711,1036
070930416031,5209 Fairway Dr,Madison,WI,53711,1036
070930416049,5213 Fairway Dr,Madison,WI,53711,1036
070930416057,5217 Fairway Dr,Madison,WI,53711,1036
070930416065,5301 Fairway Dr,Madison,WI,53711,1038
070930416073,5305 Fairway Dr,Madison,WI,53711,1038
070930416081,5309 Fairway Dr,Madison,WI,53711,1038
070930416099,5313 Fairway Dr,Madison,WI,53711,1038
070930416106,5317 Fairway Dr,Madison,WI,53711,1038
070930416114,5321 Fairway Dr,Madison,WI,53711,1038
070930416122,5325 Fairway Dr,Madison,WI,53711,1038
070930416130,5351 Coney Weston Pl,Madison,WI,53711,1040
070930416148,5353 Coney Weston Pl,Madison,WI,53711,1040
070930416156,5330 Milward Dr,Madison,WI,53711,1012
070930416164,5326 Milward Dr,Madison,WI,53711,1012
070930416172,5322 Milward Dr,Madison,WI,53711,1012
070930416180,5318 Milward Dr,Madison,WI,53711,1012
070930416198,5314 Milward Dr,Madison,WI,53711,1012
070930416205,5310 Milward Dr,Madison,WI,53711,1012
070930416213,5306 Milward Dr,Madison,WI,53711,1012
070930416221,5302 Milward Dr,Madison,WI,53711,1012
070930416239,5218 Milward Dr,Madison,WI,53711,1010
070930416247,5214 Milward Dr,Madison,WI,53711,1010
070930416255,5210 Milward Dr,Madison,WI,53711,1010
070930416263,5206 Milward Dr,Madison,WI,53711,1010
070930416271,5202 Milward Dr,Madison,WI,53711,1010
070930417021,801 S Whitney Way,Madison,WI,,
070930418011,15 Bluebird Ct Unit 1,Madison,WI,53711,1043
070930418029,15 Bluebird Ct Unit 2,Madison,WI,53711,1043
070930418037,15 Bluebird Ct Unit 3,Madison,WI,53711,1043
070930418045,15 Bluebird Ct Unit 4,Madison,WI,53711,1043
070931106011,5103 Milward Dr,Madison,WI,,
070931106029,5107 Milward Dr,Madison,WI,,
070932202248,850 Cabot Ln,Madison,WI,53711,
070932202256,859 Wedgewood Way,Madison,WI,,
070929203019,4725 Mineral Point Rd Unit 1,Madison,WI,53705,4906
070929203019,4725 Mineral Point Rd Unit 2,Madison,WI,53705,4906
070929205023,401 Berwyn Dr Unit 1,Madison,WI,53711,1238
070929205023,401 Berwyn Dr Unit 2,Madison,WI,53711,1238
070929205023,401 Berwyn Dr Unit 3,Madison,WI,53711,1238
070929205023,401 Berwyn Dr Unit 4,Madison,WI,53711,1238
070929205031,409 Berwyn Dr Unit 1,Madison,WI,53711,1237
070929205031,409 Berwyn Dr Unit 2,Madison,WI,53711,1237
070929205031,409 Berwyn Dr Unit 3,Madison,WI,53711,1237
070929205031,409 Berwyn Dr Unit 4,Madison,WI,53711,1237
070929205049,419 Berwyn Dr,Madison,WI,53711,1203
070929206021,4933 Mineral Point Rd Unit 1,Madison,WI,53705,4876
070929206021,4933 Mineral Point Rd Unit 2,Madison,WI,53705,4876
070929206021,4933 Mineral Point Rd Unit 3,Madison,WI,53705,4876
070929206021,4933 Mineral Point Rd Unit 4,Madison,WI,53705,4876
070929206021,4933 Mineral Point Rd Unit 5,Madison,WI,53705,4876
070929206021,4933 Mineral Point Rd Unit 6,Madison,WI,53705,4876
070929206021,4933 Mineral Point Rd Unit 7,Madison,WI,53705,4876
070929206039,401 Presidential Ln Unit 1,Madison,WI,53711,1139
070929206039,401 Presidential Ln Unit 2,Madison,WI,53711,1139
070929206039,401 Presidential Ln Unit 3,Madison,WI,53711,1139
070929206039,401 Presidential Ln Unit 4,Madison,WI,53711,1139
070929206047,405 Presidential Ln Unit 1,Madison,WI,53711,1138
070929206047,405 Presidential Ln Unit 2,Madison,WI,53711,1138
070929206047,405 Presidential Ln Unit 3,Madison,WI,53711,1138
070929206047,405 Presidential Ln Unit 4,Madison,WI,53711,1138
070929206245,4926 Ascot Ln Unit 1,Madison,WI,53711,1266
070929206245,4926 Ascot Ln Unit 2,Madison,WI,53711,1266
070929206245,4926 Ascot Ln Unit 3,Madison,WI,53711,1266
070929206245,4926 Ascot Ln Unit 4,Madison,WI,53711,1266
070929206253,4922 Ascot Ln Unit 1,Madison,WI,53711,1265
070929206253,4922 Ascot Ln Unit 2,Madison,WI,53711,1265
070929206253,4922 Ascot Ln Unit 3,Madison,WI,53711,1265
070929206253,4922 Ascot Ln Unit 4,Madison,WI,53711,1265
070929206261,4918 Ascot Ln Unit 1,Madison,WI,53711,1264
070929206261,4918 Ascot Ln Unit 2,Madison,WI,53711,1264
070929206261,4918 Ascot Ln Unit 3,Madison,WI,53711,1264
070929206261,4918 Ascot Ln Unit 4,Madison,WI,53711,1264
070929206279,4914 Ascot Ln Unit 1,Madison,WI,53711,1263
070929206279,4914 Ascot Ln Unit 2,Madison,WI,53711,1263
070929206279,4914 Ascot Ln Unit 3,Madison,WI,53711,1263
070929206279,4914 Ascot Ln Unit 4,Madison,WI,53711,1263
070929206287,4910 Ascot Ln Unit 1,Madison,WI,53711,1262
070929206287,4910 Ascot Ln Unit 2,Madison,WI,53711,1262
070929206287,4910 Ascot Ln Unit 3,Madison,WI,53711,1262
070929206287,4910 Ascot Ln Unit 4,Madison,WI,53711,1262
070929206295,410 Berwyn Dr Unit 1,Madison,WI,53711,1240
070929206295,410 Berwyn Dr Unit 2,Madison,WI,53711,1240
070929206295,410 Berwyn Dr Unit 3,Madison,WI,53711,1240
070929206295,410 Berwyn Dr Unit 4,Madison,WI,53711,1240
070929206302,404 Berwyn Dr Unit 1,Madison,WI,53711,1239
070929206302,404 Berwyn Dr Unit 2,Madison,WI,53711,1239
070929206302,404 Berwyn Dr Unit 3,Madison,WI,53711,1239
070929206302,404 Berwyn Dr Unit 4,Madison,WI,53711,1239
070929206302,404 Berwyn Dr Unit 5,Madison,WI,53711,1239
070929206302,404 Berwyn Dr Unit 5B,Madison,WI,53711,1239
070929207029,418 Berwyn Dr Unit 1,Madison,WI,53711,1241
070929207029,418 Berwyn Dr Unit 2,Madison,WI,53711,1241
070929207029,418 Berwyn Dr Unit 3,Madison,WI,53711,1241
070929207029,418 Berwyn Dr Unit 4,Madison,WI,53711,1241
070929207037,4905 Ascot Ln Unit 1,Madison,WI,53711,1247
070929207037,4905 Ascot Ln Unit 2,Madison,WI,53711,1247
070929207037,4905 Ascot Ln Unit 3,Madison,WI,53711,1247
070929207045,4909 Ascot Ln Unit 1,Madison,WI,53711,1261
070929207045,4909 Ascot Ln Unit 1L,Madison,WI,53711,1261
070929207045,4909 Ascot Ln Unit 1R,Madison,WI,53711,1261
070929207045,4909 Ascot Ln Unit 2,Madison,WI,53711,1261
070929207045,4909 Ascot Ln Unit 3,Madison,WI,53711,1261
070929207045,4909 Ascot Ln Unit 4,Madison,WI,53711,1261
070929207045,4909 Ascot Ln Unit C1,Madison,WI,53711,1261
070929207045,4909 Ascot Ln Unit L1,Madison,WI,53711,1261
070929207045,4909 Ascot Ln Unit L2,Madison,WI,53711,1261
070929207045,4909 Ascot Ln Unit R1,Madison,WI,53711,1261
070929207045,4909 Ascot Ln Unit R2,Madison,WI,53711,1261
070929207053,4913 Ascot Ln Unit 1,Madison,WI,53711,1200
070929207053,4913 Ascot Ln Unit 2,Madison,WI,53711,1200
070929207053,4913 Ascot Ln Unit 3,Madison,WI,53711,1200
070929207053,4913 Ascot Ln Unit 4,Madison,WI,53711,1200
070929207061,4917 Ascot Ln Unit 1,Madison,WI,53711,1259
070929207061,4917 Ascot Ln Unit 2,Madison,WI,53711,1259
070929207061,4917 Ascot Ln Unit 3,Madison,WI,53711,1259
070929207061,4917 Ascot Ln Unit 4,Madison,WI,53711,1259
070929304106,641 Hilltop Dr,Madison,WI,53711,
070930102086,426 Rushmore Ln Unit 1,Madison,WI,53711,1145
070930102086,426 Rushmore Ln Unit 2,Madison,WI,53711,1145
070930102086,426 Rushmore Ln Unit 3,Madison,WI,53711,1145
070930102086,426 Rushmore Ln Unit 4,Madison,WI,53711,1145
070930102094,422 Rushmore Ln Unit 1,Madison,WI,53711,1144
070930102094,422 Rushmore Ln Unit 2,Madison,WI,53711,1144
070930102094,422 Rushmore Ln Unit 3,Madison,WI,53711,1144
070930102094,422 Rushmore Ln Unit 4,Madison,WI,53711,1144
070930102101,5101 Mineral Point Rd Unit 1,Madison,WI,53705,4761
070930102101,5101 Mineral Point Rd Unit 2,Madison,WI,53705,4761
070930102101,5101 Mineral Point Rd Unit 3,Madison,WI,53705,4761
070930102101,5101 Mineral Point Rd Unit 4,Madison,WI,53705,4775
070930102101,5101 Mineral Point Rd Unit 5,Madison,WI,53705,4775
070930102101,5101 Mineral Point Rd Unit 6,Madison,WI,53705,4775
070930102101,5101 Mineral Point Rd Unit 7,Madison,WI,53705,4775
070930102101,5101 Mineral Point Rd Unit 8,Madison,WI,53705,4775
070930102119,414 Rushmore Ln Unit 1,Madison,WI,53711,1143
070930102119,414 Rushmore Ln Unit 2,Madison,WI,53711,1143
070930102119,414 Rushmore Ln Unit 3,Madison,WI,53711,1143
070930102119,414 Rushmore Ln Unit 4,Madison,WI,53711,1143
070930102127,410 Rushmore Ln Unit 1,Madison,WI,53711,1142
070930102127,410 Rushmore Ln Unit 2,Madison,WI,53711,1142
070930102127,410 Rushmore Ln Unit 3,Madison,WI,53711,1142
070930102127,410 Rushmore Ln Unit 4,Madison,WI,53711,1142
070930102135,406 Rushmore Ln Unit A,Madison,WI,53711,1141
070930102135,406 Rushmore Ln Unit B,Madison,WI,53711,1141
070930102135,406 Rushmore Ln Unit C,Madison,WI,53711,1141
070930102135,406 Rushmore Ln Unit D,Madison,WI,53711,1141
070930102143,402 Rushmore Ln Unit 1,Madison,WI,53711,1140
070930102143,402 Rushmore Ln Unit 2,Madison,WI,53711,1140
070930102143,402 Rushmore Ln Unit 3,Madison,WI,53711,1140
070930102143,402 Rushmore Ln Unit 4,Madison,WI,53711,1140
070930105022,598 S Segoe Rd,Madison,WI,53711,
070930106111,5114 Tokay Blvd,Madison,WI,53711,
070930107010,5397 Mineral Point Rd Unit TC,Madison,WI,,
070930401157,561 S Segoe Rd,Madison,WI,,
070930402098,5113 Tokay Blvd,Madison,WI,53711,
070930402098,602 S Segoe Rd,Madison,WI,53711,
070930402098,602 S Segoe Rd Unit 105,Madison,WI,53711,
070930402113,5117 Tokay Blvd Unit 1,Madison,WI,53711,1049
070930402113,5117 Tokay Blvd Unit 2,Madison,WI,53711,1049
070930402121,5119 Tokay Blvd,Madison,WI,53711,1024
070930402121,5123 Tokay Blvd,Madison,WI,53711,1024
070930402139,1 Bluebird Ct,Madison,WI,53711,1021
070930402147,5 Bluebird Ct Unit 1,Madison,WI,53711,1045
070930402147,5 Bluebird Ct Unit 2,Madison,WI,53711,1045
070930402147,5 Bluebird Ct Unit 3,Madison,WI,53711,1045
070930402147,5 Bluebird Ct Unit 4,Madison,WI,53711,1045
070930402155,9 Bluebird Ct Unit 1,Madison,WI,53711,1044
070930402155,9 Bluebird Ct Unit 2,Madison,WI,53711,1044
070930402155,9 Bluebird Ct Unit 3,Madison,WI,53711,1044
070930402155,9 Bluebird Ct Unit 4,Madison,WI,53711,1044
070930402155,9 Bluebird Ct Unit 5,Madison,WI,53711,1044
070930402171,19 Bluebird Ct,Madison,WI,53711,1021
070930402189,21 Bluebird Ct,Madison,WI,53711,1021
070930402197,5205 Tokay Blvd Unit 1,Madison,WI,53711,1054
070930402197,5205 Tokay Blvd Unit 2,Madison,WI,53711,1054
070930405034,649 S Segoe Rd,Madison,WI,53711,1042
070930405034,649 S Segoe Rd Unit 1,Madison,WI,53711,1042
070930405034,649 S Segoe Rd Unit 2,Madison,WI,53711,1042
070930405034,649 S Segoe Rd Unit 3,Madison,WI,53711,1042
070930405034,649 S Segoe Rd Unit 4,Madison,WI,53711,1042
070930405034,649 S Segoe Rd Unit 5,Madison,WI,53711,1042
070930405034,653 S Segoe Rd,Madison,WI,53711,1047
070930405034,653 S Segoe Rd Unit 1,Madison,WI,53711,1047
070930405034,653 S Segoe Rd Unit 2,Madison,WI,53711,1047
070930405034,653 S Segoe Rd Unit 3,Madison,WI,53711,1047
070930405034,653 S Segoe Rd Unit 4,Madison,WI,53711,1047
070930405034,653 S Segoe Rd Unit 5,Madison,WI,53711,1047
070930405034,657 S Segoe Rd Unit 1,Madison,WI,53711,1046
070930405034,657 S Segoe Rd Unit 2,Madison,WI,53711,1046
070930405034,657 S Segoe Rd Unit 3,Madison,WI,53711,1046
070930405034,657 S Segoe Rd Unit 4,Madison,WI,53711,1046
070930405034,657 S Segoe Rd Unit 5,Madison,WI,53711,1046
070930405042,5302 Odana Rd Unit 101,Madison,WI,53711,1072
070930405042,5302 Odana Rd Unit 102,Madison,WI,53711,1072
070930405042,5302 Odana Rd Unit 104,Madison,WI,53711,1072
070930405042,5302 Odana Rd Unit 105,Madison,WI,53711,1072
070930405042,5302 Odana Rd Unit 106,Madison,WI,53711,1072
070930405042,5302 Odana Rd Unit 107,Madison,WI,53711,1072
070930405042,5302 Odana Rd Unit 108,Madison,WI,53711,1072
070930405042,5302 Odana Rd Unit 109,Madison,WI,53711,1072
070930405042,5302 Odana Rd Unit 110,Madison,WI,53711,1072
070930405042,5302 Odana Rd Unit 111,Madison,WI,53711,1072
070930405042,5302 Odana Rd Unit 201,Madison,WI,53711,1076
070930405042,5302 Odana Rd Unit 202,Madison,WI,53711,1076
070930405042,5302 Odana Rd Unit 204,Madison,WI,53711,1076
070930405042,5302 Odana Rd Unit 205,Madison,WI,53711,1076
070930405042,5302 Odana Rd Unit 206,Madison,WI,53711,1076
070930405042,5302 Odana Rd Unit 207,Madison,WI,53711,1076
070930405042,5302 Odana Rd Unit 208,Madison,WI,53711,1076
070930405042,5302 Odana Rd Unit 209,Madison,WI,53711,1076
070930405042,5302 Odana Rd Unit 210,Madison,WI,53711,1076
070930405042,5302 Odana Rd Unit 211,Madison,WI,53711,1076
070930405042,5302 Odana Rd Unit 301,Madison,WI,53711,1081
070930405042,5302 Odana Rd Unit 302,Madison,WI,53711,1081
070930405042,5302 Odana Rd Unit 304,Madison,WI,53711,1081
070930405042,5302 Odana Rd Unit 305,Madison,WI,53711,1081
070930405042,5302 Odana Rd Unit 306,Madison,WI,53711,1081
070930405042,5302 Odana Rd Unit 307,Madison,WI,53711,1081
070930405042,5302 Odana Rd Unit 308,Madison,WI,53711,1081
070930405042,5302 Odana Rd Unit 309,Madison,WI,53711,1081
070930405042,5302 Odana Rd Unit 310,Madison,WI,53711,1081
070930405042,5302 Odana Rd Unit 311,Madison,WI,53711,1081
070930405042,5314 Odana Rd,Madison,WI,53711,1070
070930405042,5314 Odana Rd Unit 101,Madison,WI,53711,1083
070930405042,5314 Odana Rd Unit 102,Madison,WI,53711,1083
070930405042,5314 Odana Rd Unit 103,Madison,WI,53711,1083
070930405042,5314 Odana Rd Unit 104,Madison,WI,53711,1083
070930405042,5314 Odana Rd Unit 105,Madison,WI,53711,1083
070930405042,5314 Odana Rd Unit 106,Madison,WI,53711,1083
070930405042,5314 Odana Rd Unit 107,Madison,WI,53711,1083
070930405042,5314 Odana Rd Unit 108,Madison,WI,53711,1083
070930405042,5314 Odana Rd Unit 109,Madison,WI,53711,1083
070930405042,5314 Odana Rd Unit 110,Madison,WI,53711,1083
070930405042,5314 Odana Rd Unit 201,Madison,WI,53711,1085
070930405042,5314 Odana Rd Unit 202,Madison,WI,53711,1085
070930405042,5314 Odana Rd Unit 203,Madison,WI,53711,1085
070930405042,5314 Odana Rd Unit 204,Madison,WI,53711,1085
070930405042,5314 Odana Rd Unit 205,Madison,WI,53711,1085
070930405042,5314 Odana Rd Unit 206,Madison,WI,53711,1085
070930405042,5314 Odana Rd Unit 207,Madison,WI,53711,1085
070930405042,5314 Odana Rd Unit 208,Madison,WI,53711,1085
070930405042,5314 Odana Rd Unit 209,Madison,WI,53711,1085
070930405042,5314 Odana Rd Unit 210,Madison,WI,53711,1085
070930405042,5314 Odana Rd Unit 301,Madison,WI,53711,1096
070930405042,5314 Odana Rd Unit 302,Madison,WI,53711,1096
070930405042,5314 Odana Rd Unit 303,Madison,WI,53711,1096
070930405042,5314 Odana Rd Unit 304,Madison,WI,53711,1096
070930405042,5314 Odana Rd Unit 305,Madison,WI,53711,1096
070930405042,5314 Odana Rd Unit 306,Madison,WI,53711,1096
070930405042,5314 Odana Rd Unit 307,Madison,WI,53711,1096
070930405042,5314 Odana Rd Unit 308,Madison,WI,53711,1096
070930405042,5314 Odana Rd Unit 309,Madison,WI,53711,1096
070930405042,5314 Odana Rd Unit 310,Madison,WI,53711,1096
070930405042,677 S Segoe Rd,Madison,WI,53711,1086
070930405050,5210 Odana Rd,Madison,WI,53711,1016
070930405050,645 S Segoe Rd,Madison,WI,53711,
070930405125,5220 Odana Rd Unit 1/2,Madison,WI,53711,1016
070930412013,704 Odana Ln,Madison,WI,53711,2518
070930412013,706 Odana Ln,Madison,WI,53711,2518
070930412013,708 Odana Ln,Madison,WI,53711,2518
070930412013,710 Odana Ln,Madison,WI,53711,2518
070930412013,712 Odana Ln,Madison,WI,53711,2518
070930412013,714 Odana Ln,Madison,WI,53711,2518
070930412013,716 Odana Ln,Madison,WI,53711,2518
070930412013,722 Odana Ln,Madison,WI,53711,2518
070930412013,724 Odana Ln,Madison,WI,53711,2518
070930412013,726 Odana Ln,Madison,WI,53711,2518
070930412013,728 Odana Ln,Madison,WI,53711,2518
070930412013,730 Odana Ln,Madison,WI,53711,2518
070930412013,732 Odana Ln,Madison,WI,53711,2518
070930412013,734 Odana Ln,Madison,WI,53711,2518
070930412013,736 Odana Ln,Madison,WI,53711,2518
070930412013,738 Odana Ln,Madison,WI,53711,2518
070930412013,740 Odana Ln,Madison,WI,53711,2518
070930412013,742 Odana Ln,Madison,WI,53711,2518
070930412013,744 Odana Ln,Madison,WI,53711,2518
070930412013,746 Odana Ln,Madison,WI,53711,2518
070930412013,748 Odana Ln,Madison,WI,53711,2518
070930412013,750 Odana Ln,Madison,WI,53711,2518
070930412013,752 Odana Ln,Madison,WI,53711,2518
070930412013,754 Odana Ln,Madison,WI,53711,2518
070930412013,756 Odana Ln,Madison,WI,53711,2518
070930413235,769 S Whitney Way Unit 1,Madison,WI,53711,2581
070930413235,769 S Whitney Way Unit 2,Madison,WI,53711,2581
070930413235,769 S Whitney Way Unit 3,Madison,WI,53711,2581
070930413235,769 S Whitney Way Unit 4,Madison,WI,53711,2581
070930413243,773 S Whitney Way Unit 1,Madison,WI,53711,2582
070930413243,773 S Whitney Way Unit 2,Madison,WI,53711,2582
070930413243,773 S Whitney Way Unit 3,Madison,WI,53711,2582
070930413243,773 S Whitney Way Unit 4,Madison,WI,53711,2582
